Job Title,Company,Location,Salary,Skills,Job URL,Salary_Midpoint,Annual Salary
Data Analyst,Macildowie Recruitment and Retention,Daventry,"£45,000 - £47,000","Excel, R",https://www.reed.co.uk/jobs/data-analyst/57101227?source=searchResults&filter=%2Fjobs%2Fdata-analyst-jobs,46000.0,46000.0
Data Analyst,Julie Rose Recruitment,Chislehurst,,"Excel, R",https://www.reed.co.uk/jobs/data-analyst/57086900?source=searchResults&filter=%2Fjobs%2Fdata-analyst-jobs%3Fpageno%3D2,,
KYC & Data Remediation Analyst,Marshall Wolfe,London,,"Excel, R",https://www.reed.co.uk/jobs/kyc-data-remediation-analyst/57153107?source=searchResults&filter=%2Fjobs%2Fdata-analyst-jobs%3Fpageno%3D4,,
Data Analyst Trainee,ITOL Recruit,Hounslow,"£30,000 - £50,000","SQL, Python, Excel, Power BI, Tableau, R",https://www.reed.co.uk/jobs/data-analyst-trainee/57161548?source=searchResults&filter=%2Fjobs%2Fdata-analyst-jobs%3Fpageno%3D7,40000.0,40000.0
AI Enablement Analyst,Arc IT Recruitment,London,"£50,000 - £55,000","R, Machine Learning",https://www.reed.co.uk/jobs/ai-enablement-analyst/57123948?source=searchResults&filter=%2Fjobs%2Fdata-analyst-jobs%3Fpageno%3D12,52500.0,52500.0
Data Analyst,Sagacity ,London,,"SQL, Python, Excel, Power BI, Tableau, R",https://www.reed.co.uk/jobs/data-analyst/56815207?source=searchResults&filter=%2Fjobs%2Fdata-analyst-jobs%3Fpageno%3D11,,
Trainee Data Analyst,ITOL Recruit,Hastings,"£30,000 - £50,000","SQL, Python, Excel, Power BI, Tableau, R",https://www.reed.co.uk/jobs/trainee-data-analyst/57120357?source=searchResults&filter=%2Fjobs%2Fdata-analyst-jobs%3Fpageno%3D6,40000.0,40000.0
Data Analyst Trainee,ITOL Recruit,Rochdale,"£30,000 - £50,000","SQL, Python, Excel, Power BI, Tableau, R",https://www.reed.co.uk/jobs/data-analyst-trainee/57125057?source=searchResults&filter=%2Fjobs%2Fdata-analyst-jobs%3Fpageno%3D10,40000.0,40000.0
Trainee Data Analyst,ITOL Recruit,Ilford,"£30,000 - £50,000","SQL, Python, Excel, Power BI, Tableau, R",https://www.reed.co.uk/jobs/trainee-data-analyst/57142874?source=searchResults&filter=%2Fjobs%2Fdata-analyst-jobs%3Fpageno%3D3,40000.0,40000.0
Data Analyst Trainee,ITOL Recruit,Crewe,"£30,000 - £50,000","SQL, Python, Excel, Power BI, Tableau, R",https://www.reed.co.uk/jobs/data-analyst-trainee/57120362?source=searchResults&filter=%2Fjobs%2Fdata-analyst-jobs%3Fpageno%3D8,40000.0,40000.0
Data / Business Analyst,Sanderson ,Manchester,£400 - £500,"Excel, R",https://www.reed.co.uk/jobs/data-business-analyst/57121276?source=searchResults&filter=%2Fjobs%2Fdata-analyst-jobs%3Fpageno%3D13,450.0,
Trainee Data Analyst,ITOL Recruit,Twickenham,"£30,000 - £50,000","SQL, Python, Excel, Power BI, Tableau, R",https://www.reed.co.uk/jobs/trainee-data-analyst/57147617?source=searchResults&filter=%2Fjobs%2Fdata-analyst-jobs%3Fpageno%3D8,40000.0,40000.0
Data Analyst Trainee,ITOL Recruit,Nuneaton,"£30,000 - £50,000","SQL, Python, Excel, Power BI, Tableau, R",https://www.reed.co.uk/jobs/data-analyst-trainee/57120153?source=searchResults&filter=%2Fjobs%2Fdata-analyst-jobs%3Fpageno%3D10,40000.0,40000.0
Data Analyst Trainee,ITOL Recruit,York,"£30,000 - £50,000","SQL, Python, Excel, Power BI, Tableau, R",https://www.reed.co.uk/jobs/data-analyst-trainee/57147910?source=searchResults&filter=%2Fjobs%2Fdata-analyst-jobs%3Fpageno%3D5,40000.0,40000.0
CAD Data Quality Analyst,Jonathan Lee Recruitment,Gaydon,,"Excel, R",https://www.reed.co.uk/jobs/cad-data-quality-analyst/57072159?source=searchResults&filter=%2Fjobs%2Fdata-analyst-jobs%3Fpageno%3D14,,
Data Analyst Trainee,ITOL Recruit,Bournemouth,"£30,000 - £50,000","SQL, Python, Excel, Power BI, Tableau, R",https://www.reed.co.uk/jobs/data-analyst-trainee/57125093?source=searchResults&filter=%2Fjobs%2Fdata-analyst-jobs%3Fpageno%3D5,40000.0,40000.0
Supply Chain Data Analyst,Adecco ,Peterborough,,"Excel, R",https://www.reed.co.uk/jobs/supply-chain-data-analyst/57145465?source=searchResults&filter=%2Fjobs%2Fdata-analyst-jobs%3Fpageno%3D12,,
Data Analyst Trainee,ITOL Recruit,Twickenham,"£30,000 - £50,000","SQL, Python, Excel, Power BI, Tableau, R",https://www.reed.co.uk/jobs/data-analyst-trainee/57142865?source=searchResults&filter=%2Fjobs%2Fdata-analyst-jobs%3Fpageno%3D4,40000.0,40000.0
Data Analyst Trainee,ITOL Recruit,The Collon,"£30,000 - £50,000","SQL, Python, Excel, Power BI, Tableau, R",https://www.reed.co.uk/jobs/data-analyst-trainee/57143207?source=searchResults&filter=%2Fjobs%2Fdata-analyst-jobs%3Fpageno%3D9,40000.0,40000.0
Data Analyst,TELECOM ACQUISITIONS LTD,West Sussex,,"SQL, Excel, Power BI, R, Azure",https://www.reed.co.uk/jobs/data-analyst/56868469?source=searchResults&filter=%2Fjobs%2Fdata-analyst-jobs%3Fpageno%3D8,,
Data Analyst Trainee,ITOL Recruit,London,"£30,000 - £50,000","SQL, Python, Excel, Power BI, Tableau, R",https://www.reed.co.uk/jobs/data-analyst-trainee/57120360?source=searchResults&filter=%2Fjobs%2Fdata-analyst-jobs%3Fpageno%3D6,40000.0,40000.0
Data Analyst Trainee,ITOL Recruit,Bristol,"£30,000 - £50,000","SQL, Python, Excel, Power BI, Tableau, R",https://www.reed.co.uk/jobs/data-analyst-trainee/57161375?source=searchResults&filter=%2Fjobs%2Fdata-analyst-jobs%3Fpageno%3D10,40000.0,40000.0
Data Analyst Trainee,ITOL Recruit,Romford,"£30,000 - £50,000","SQL, Python, Excel, Power BI, Tableau, R",https://www.reed.co.uk/jobs/data-analyst-trainee/57120064?source=searchResults&filter=%2Fjobs%2Fdata-analyst-jobs%3Fpageno%3D8,40000.0,40000.0
Data Analyst Trainee,ITOL Recruit,Nottingham,"£30,000 - £50,000","SQL, Python, Excel, Power BI, Tableau, R",https://www.reed.co.uk/jobs/data-analyst-trainee/57138405?source=searchResults&filter=%2Fjobs%2Fdata-analyst-jobs%3Fpageno%3D9,40000.0,40000.0
Trainee Data Analyst,ITOL Recruit,Stoke-on-Trent,"£30,000 - £50,000","SQL, Python, Excel, Power BI, Tableau, R",https://www.reed.co.uk/jobs/trainee-data-analyst/57161517?source=searchResults&filter=%2Fjobs%2Fdata-analyst-jobs%3Fpageno%3D5,40000.0,40000.0
Data Analyst - Campaign Performance,Distinct Recruitment,Leicestershire,"£32,000 - £35,000","SQL, Excel, Power BI, R",https://www.reed.co.uk/jobs/data-analyst-campaign-performance/57082301?source=searchResults&filter=%2Fjobs%2Fdata-analyst-jobs%3Fpageno%3D12,33500.0,33500.0
Data Analyst Trainee,ITOL Recruit,Hartlepool,"£30,000 - £50,000","SQL, Python, Excel, Power BI, Tableau, R",https://www.reed.co.uk/jobs/data-analyst-trainee/57143209?source=searchResults&filter=%2Fjobs%2Fdata-analyst-jobs%3Fpageno%3D9,40000.0,40000.0
Data Analyst Trainee,ITOL Recruit,St. Helens,"£30,000 - £50,000","SQL, Python, Excel, Power BI, Tableau, R",https://www.reed.co.uk/jobs/data-analyst-trainee/57147576?source=searchResults&filter=%2Fjobs%2Fdata-analyst-jobs%3Fpageno%3D8,40000.0,40000.0
"Data Analyst, Procurement (Technology)",1st Executive Ltd,London,"£60,000 - £80,000","SQL, Python, Excel, Power BI, Tableau, R",https://www.reed.co.uk/jobs/data-analyst-procurement-technology/57042377?source=searchResults&filter=%2Fjobs%2Fdata-analyst-jobs%3Fpageno%3D13,70000.0,70000.0
Data Analyst,Asset Resourcing Limited,Leicester,,"SQL, Excel, Power BI, R",https://www.reed.co.uk/jobs/data-analyst/57033571?source=searchResults&filter=%2Fjobs%2Fdata-analyst-jobs%3Fpageno%3D2,,
IT & Data Analyst,MSA Data Analytics Ltd,Leicestershire,"£29,000 - £36,000","SQL, Excel, R",https://www.reed.co.uk/jobs/it-data-analyst/57164746?source=searchResults&filter=%2Fjobs%2Fdata-analyst-jobs%3Fpageno%3D13,32500.0,32500.0
Data Analyst Trainee,ITOL Recruit,Enfield,"£30,000 - £50,000","SQL, Python, Excel, Power BI, Tableau, R",https://www.reed.co.uk/jobs/data-analyst-trainee/57115443?source=searchResults&filter=%2Fjobs%2Fdata-analyst-jobs%3Fpageno%3D11,40000.0,40000.0
Trainee Data Analyst,ITOL Recruit,London,"£30,000 - £50,000","SQL, Python, Excel, Power BI, Tableau, R",https://www.reed.co.uk/jobs/trainee-data-analyst/57124931?source=searchResults&filter=%2Fjobs%2Fdata-analyst-jobs%3Fpageno%3D5,40000.0,40000.0
Data Analyst (Net Asset Value),Robert Half,London,,"SQL, Python, Excel, Power BI, Tableau, R",https://www.reed.co.uk/jobs/data-analyst-net-asset-value/57153174?source=searchResults&filter=%2Fjobs%2Fdata-analyst-jobs%3Fpageno%3D13,,
Data Analyst Trainee,ITOL Recruit,London,"£30,000 - £50,000","SQL, Python, Excel, Power BI, Tableau, R",https://www.reed.co.uk/jobs/data-analyst-trainee/57138115?source=searchResults&filter=%2Fjobs%2Fdata-analyst-jobs%3Fpageno%3D11,40000.0,40000.0
Data Governance Analyst,Eden James Consulting Limited,Eastleigh,,R,https://www.reed.co.uk/jobs/data-governance-analyst/57081108?source=searchResults&filter=%2Fjobs%2Fdata-analyst-jobs%3Fpageno%3D13,,
Data Analyst Trainee,ITOL Recruit,Redditch,"£30,000 - £50,000","SQL, Python, Excel, Power BI, Tableau, R",https://www.reed.co.uk/jobs/data-analyst-trainee/57147496?source=searchResults&filter=%2Fjobs%2Fdata-analyst-jobs%3Fpageno%3D6,40000.0,40000.0
Salesforce Data Analyst,Morgan McKinley,London,£220 - £240,"Excel, R",https://www.reed.co.uk/jobs/salesforce-data-analyst/57136375?source=searchResults&filter=%2Fjobs%2Fdata-analyst-jobs%3Fpageno%3D12,230.0,
Data Analyst,Harnham - Data & Analytics Recruitment,London,"£45,000 - £55,000","SQL, Power BI, R",https://www.reed.co.uk/jobs/data-analyst/56870728?source=searchResults&filter=%2Fjobs%2Fdata-analyst-jobs%3Fpageno%3D2,50000.0,50000.0
Data Analyst,Think Specialist Recruitment,Watford,"£45,000 - £52,000","SQL, Python, Excel, Power BI, Tableau, R, Machine Learning",https://www.reed.co.uk/jobs/data-analyst/57098879?source=searchResults&filter=%2Fjobs%2Fdata-analyst-jobs%3Fpageno%3D2,48500.0,48500.0
Data Analyst,OnetoOne Personnel,Southend-on-Sea,"£33,365 - £37,035","Excel, Power BI, R",https://www.reed.co.uk/jobs/data-analyst/57163234?source=searchResults&filter=%2Fjobs%2Fdata-analyst-jobs%3Fpageno%3D2,35200.0,35200.0
Junior Data Analyst,Terberg DTS (UK) Ltd,Elland,,"SQL, Python, Excel, Power BI, Tableau, R, Machine Learning",https://www.reed.co.uk/jobs/junior-data-analyst/57152131?source=searchResults&filter=%2Fjobs%2Fdata-analyst-jobs,,
Demand Analyst,Nomad Foods,Woking,,"Python, Excel, Power BI, R",https://www.reed.co.uk/jobs/demand-analyst/57041884?source=searchResults&filter=%2Fjobs%2Fdata-analyst-jobs%3Fpageno%3D14,,
Data Analyst Trainee,ITOL Recruit,Hastings,"£30,000 - £50,000","SQL, Python, Excel, Power BI, Tableau, R",https://www.reed.co.uk/jobs/data-analyst-trainee/57161132?source=searchResults&filter=%2Fjobs%2Fdata-analyst-jobs%3Fpageno%3D5,40000.0,40000.0
Data Analyst Trainee,ITOL Recruit,Bracknell,"£30,000 - £50,000","SQL, Python, Excel, Power BI, Tableau, R",https://www.reed.co.uk/jobs/data-analyst-trainee/57170783?source=searchResults&filter=%2Fjobs%2Fdata-analyst-jobs%3Fpageno%3D6,40000.0,40000.0
Trainee Data Analyst,ITOL Recruit,London,"£30,000 - £50,000","SQL, Python, Excel, Power BI, Tableau, R",https://www.reed.co.uk/jobs/trainee-data-analyst/57115103?source=searchResults&filter=%2Fjobs%2Fdata-analyst-jobs%3Fpageno%3D11,40000.0,40000.0
Data Analyst Trainee,ITOL Recruit,Newport,"£30,000 - £50,000","SQL, Python, Excel, Power BI, Tableau, R",https://www.reed.co.uk/jobs/data-analyst-trainee/57166238?source=searchResults&filter=%2Fjobs%2Fdata-analyst-jobs%3Fpageno%3D7,40000.0,40000.0
Data Analyst,TELECOM ACQUISITIONS LTD,West Sussex,,"SQL, Excel, Power BI, R, Azure",https://www.reed.co.uk/jobs/data-analyst/56868469?source=searchResults&filter=%2Fjobs%2Fdata-analyst-jobs%3Fpageno%3D7,,
Senior Data Analyst -  - Tableau - Snowflake - £80K,Tenth Revolution Group,London,"£70,000 - £80,000","SQL, Python, Power BI, Tableau, R",https://www.reed.co.uk/jobs/senior-data-analyst-london-tableau-snowflake-80k/57152344?source=searchResults&filter=%2Fjobs%2Fdata-analyst-jobs%3Fpageno%3D14,75000.0,75000.0
Trainee Data Analyst,ITOL Recruit,North West London,"£30,000 - £50,000","SQL, Python, Excel, Power BI, Tableau, R",https://www.reed.co.uk/jobs/trainee-data-analyst/57142946?source=searchResults&filter=%2Fjobs%2Fdata-analyst-jobs%3Fpageno%3D3,40000.0,40000.0
Data Analyst,Sagacity ,London,,"SQL, Python, Excel, Power BI, Tableau, R",https://www.reed.co.uk/jobs/data-analyst/56815207?source=searchResults&filter=%2Fjobs%2Fdata-analyst-jobs%3Fpageno%3D7,,
Data Analyst Trainee,ITOL Recruit,Woking,"£30,000 - £50,000","SQL, Python, Excel, Power BI, Tableau, R",https://www.reed.co.uk/jobs/data-analyst-trainee/57143229?source=searchResults&filter=%2Fjobs%2Fdata-analyst-jobs%3Fpageno%3D4,40000.0,40000.0
Data Analyst Trainee,ITOL Recruit,Crawley,"£30,000 - £50,000","SQL, Python, Excel, Power BI, Tableau, R",https://www.reed.co.uk/jobs/data-analyst-trainee/57138162?source=searchResults&filter=%2Fjobs%2Fdata-analyst-jobs%3Fpageno%3D9,40000.0,40000.0
HR System Data Analyst,James Andrew Recruitment Solutions (JAR Solutions),Stafford,"£30,000 - £35,000","SQL, Python, Excel, Power BI, Tableau, R, Machine Learning",https://www.reed.co.uk/jobs/hr-system-data-analyst/57158446?source=searchResults&filter=%2Fjobs%2Fdata-analyst-jobs%3Fpageno%3D12,32500.0,32500.0
Data Governance Analyst - Metadata,Matchtech ,Fareham,"£50,000 - £60,000","Excel, R",https://www.reed.co.uk/jobs/data-governance-analyst-metadata/57080801?source=searchResults&filter=%2Fjobs%2Fdata-analyst-jobs%3Fpageno%3D3,55000.0,55000.0
Data Analyst Trainee,ITOL Recruit,Bath,"£30,000 - £50,000","SQL, Python, Excel, Power BI, Tableau, R",https://www.reed.co.uk/jobs/data-analyst-trainee/57124853?source=searchResults&filter=%2Fjobs%2Fdata-analyst-jobs%3Fpageno%3D8,40000.0,40000.0
Data Analyst Trainee,ITOL Recruit,Hartlepool,"£30,000 - £50,000","SQL, Python, Excel, Power BI, Tableau, R",https://www.reed.co.uk/jobs/data-analyst-trainee/57143209?source=searchResults&filter=%2Fjobs%2Fdata-analyst-jobs%3Fpageno%3D6,40000.0,40000.0
Data Analyst Trainee,ITOL Recruit,Dagenham,"£30,000 - £50,000","SQL, Python, Excel, Power BI, Tableau, R",https://www.reed.co.uk/jobs/data-analyst-trainee/57147733?source=searchResults&filter=%2Fjobs%2Fdata-analyst-jobs%3Fpageno%3D10,40000.0,40000.0
Data Analyst - Sustainability,SC Johnson Professional,Denby,,"SQL, Excel, Power BI, Tableau, R",https://www.reed.co.uk/jobs/data-analyst-sustainability/57034924?source=searchResults&filter=%2Fjobs%2Fdata-analyst-jobs%3Fpageno%3D4,,
Product Data Analyst,one2one Recruitment,Moulton Park Industrial Estate,"£33,000 - £41,000","Excel, R",https://www.reed.co.uk/jobs/product-data-analyst/57160693?source=searchResults&filter=%2Fjobs%2Fdata-analyst-jobs%3Fpageno%3D11,37000.0,37000.0
Data analyst,Lorien,Manchester,,"SQL, R, AWS",https://www.reed.co.uk/jobs/data-analyst/57106083?source=searchResults&filter=%2Fjobs%2Fdata-analyst-jobs,,
Trainee Data Analyst,ITOL Recruit,Norwich,"£30,000 - £50,000","SQL, Python, Excel, Power BI, Tableau, R",https://www.reed.co.uk/jobs/trainee-data-analyst/57170710?source=searchResults&filter=%2Fjobs%2Fdata-analyst-jobs%3Fpageno%3D7,40000.0,40000.0
Data Analyst Trainee,ITOL Recruit,Derry,"£30,000 - £50,000","SQL, Python, Excel, Power BI, Tableau, R",https://www.reed.co.uk/jobs/data-analyst-trainee/57142863?source=searchResults&filter=%2Fjobs%2Fdata-analyst-jobs%3Fpageno%3D9,40000.0,40000.0
Senior Data Analyst,Marshall Wolfe,London,"£70,000 - £80,000","SQL, Python, Excel, Power BI, Tableau, R, Machine Learning, Statistics",https://www.reed.co.uk/jobs/senior-data-analyst/56888644?source=searchResults&filter=%2Fjobs%2Fdata-analyst-jobs,75000.0,75000.0
Data Analyst,TELECOM ACQUISITIONS LTD,West Sussex,,"SQL, Excel, Power BI, R, Azure",https://www.reed.co.uk/jobs/data-analyst/56868469?source=searchResults&filter=%2Fjobs%2Fdata-analyst-jobs%3Fpageno%3D5,,
Data Analyst Trainee,ITOL Recruit,Crawley,"£30,000 - £50,000","SQL, Python, Excel, Power BI, Tableau, R",https://www.reed.co.uk/jobs/data-analyst-trainee/57138162?source=searchResults&filter=%2Fjobs%2Fdata-analyst-jobs%3Fpageno%3D7,40000.0,40000.0
Data Analyst Trainee,ITOL Recruit,Worthing,"£30,000 - £50,000","SQL, Python, Excel, Power BI, Tableau, R",https://www.reed.co.uk/jobs/data-analyst-trainee/57170912?source=searchResults&filter=%2Fjobs%2Fdata-analyst-jobs%3Fpageno%3D4,40000.0,40000.0
Trainee Data Analyst,ITOL Recruit,London,"£30,000 - £50,000","SQL, Python, Excel, Power BI, Tableau, R",https://www.reed.co.uk/jobs/trainee-data-analyst/57115207?source=searchResults&filter=%2Fjobs%2Fdata-analyst-jobs%3Fpageno%3D3,40000.0,40000.0
Data Analyst Trainee,ITOL Recruit,Harrow On The Hill,"£30,000 - £50,000","SQL, Python, Excel, Power BI, Tableau, R",https://www.reed.co.uk/jobs/data-analyst-trainee/57143020?source=searchResults&filter=%2Fjobs%2Fdata-analyst-jobs%3Fpageno%3D4,40000.0,40000.0
Data Analyst Trainee,ITOL Recruit,Luton,"£30,000 - £50,000","SQL, Python, Excel, Power BI, Tableau, R",https://www.reed.co.uk/jobs/data-analyst-trainee/57125018?source=searchResults&filter=%2Fjobs%2Fdata-analyst-jobs%3Fpageno%3D9,40000.0,40000.0
Data Analyst Trainee,ITOL Recruit,Wakefield,"£30,000 - £50,000","SQL, Python, Excel, Power BI, Tableau, R",https://www.reed.co.uk/jobs/data-analyst-trainee/57166482?source=searchResults&filter=%2Fjobs%2Fdata-analyst-jobs%3Fpageno%3D9,40000.0,40000.0
Data Analyst Trainee,ITOL Recruit,Widmore,"£30,000 - £50,000","SQL, Python, Excel, Power BI, Tableau, R",https://www.reed.co.uk/jobs/data-analyst-trainee/57147781?source=searchResults&filter=%2Fjobs%2Fdata-analyst-jobs%3Fpageno%3D5,40000.0,40000.0
Data Analyst Trainee,ITOL Recruit,Belfast,"£30,000 - £50,000","SQL, Python, Excel, Power BI, Tableau, R",https://www.reed.co.uk/jobs/data-analyst-trainee/57161418?source=searchResults&filter=%2Fjobs%2Fdata-analyst-jobs%3Fpageno%3D7,40000.0,40000.0
Trainee Data Analyst,ITOL Recruit,Leicester,"£30,000 - £50,000","SQL, Python, Excel, Power BI, Tableau, R",https://www.reed.co.uk/jobs/trainee-data-analyst/57120103?source=searchResults&filter=%2Fjobs%2Fdata-analyst-jobs%3Fpageno%3D11,40000.0,40000.0
Data Analyst Trainee,ITOL Recruit,Cardiff,"£30,000 - £50,000","SQL, Python, Excel, Power BI, Tableau, R",https://www.reed.co.uk/jobs/data-analyst-trainee/57147600?source=searchResults&filter=%2Fjobs%2Fdata-analyst-jobs%3Fpageno%3D8,40000.0,40000.0
Data Analyst Trainee,ITOL Recruit,Chatham,"£30,000 - £50,000","SQL, Python, Excel, Power BI, Tableau, R",https://www.reed.co.uk/jobs/data-analyst-trainee/57120363?source=searchResults&filter=%2Fjobs%2Fdata-analyst-jobs%3Fpageno%3D10,40000.0,40000.0
Data Analyst Trainee,ITOL Recruit,Derry,"£30,000 - £50,000","SQL, Python, Excel, Power BI, Tableau, R",https://www.reed.co.uk/jobs/data-analyst-trainee/57142863?source=searchResults&filter=%2Fjobs%2Fdata-analyst-jobs%3Fpageno%3D7,40000.0,40000.0
Trainee Data Analyst,ITOL Recruit,Harrow On The Hill,"£30,000 - £50,000","SQL, Python, Excel, Tableau, R",https://www.reed.co.uk/jobs/trainee-data-analyst/57142876?source=searchResults&filter=%2Fjobs%2Fdata-analyst-jobs%3Fpageno%3D3,40000.0,40000.0
Data Analyst Trainee,ITOL Recruit,Huddersfield,"£30,000 - £50,000","SQL, Python, Excel, Power BI, Tableau, R",https://www.reed.co.uk/jobs/data-analyst-trainee/57115315?source=searchResults&filter=%2Fjobs%2Fdata-analyst-jobs%3Fpageno%3D11,40000.0,40000.0
Data Analyst Trainee,ITOL Recruit,Peterborough,"£30,000 - £50,000","SQL, Python, Excel, Power BI, Tableau, R",https://www.reed.co.uk/jobs/data-analyst-trainee/57124967?source=searchResults&filter=%2Fjobs%2Fdata-analyst-jobs%3Fpageno%3D5,40000.0,40000.0
Data Analyst,Sagacity ,London,,"SQL, Python, Excel, Power BI, Tableau, R",https://www.reed.co.uk/jobs/data-analyst/56815207?source=searchResults&filter=%2Fjobs%2Fdata-analyst-jobs%3Fpageno%3D6,,
IT PMO - SC Cleared,Matchtech ,Bristol,£50 - £55.33,"SQL, Python, Excel, Power BI, R",https://www.reed.co.uk/jobs/it-pmo-sc-cleared/57096358?source=searchResults&filter=%2Fjobs%2Fdata-analyst-jobs%3Fpageno%3D14,52.665,
Data Analyst,Sagacity ,London,,"SQL, Python, Excel, Power BI, Tableau, R",https://www.reed.co.uk/jobs/data-analyst/56815207?source=searchResults&filter=%2Fjobs%2Fdata-analyst-jobs%3Fpageno%3D5,,
Data Analyst - Vendor Licensing,VIQU IT Recruitment,London,"£40,000 - £50,000","SQL, Python, Excel, Power BI, Tableau, R",https://www.reed.co.uk/jobs/data-analyst-vendor-licensing/57155041?source=searchResults&filter=%2Fjobs%2Fdata-analyst-jobs%3Fpageno%3D12,45000.0,45000.0
Data Analyst Trainee,ITOL Recruit,London,"£30,000 - £50,000","SQL, Python, Excel, Power BI, Tableau, R",https://www.reed.co.uk/jobs/data-analyst-trainee/57166448?source=searchResults&filter=%2Fjobs%2Fdata-analyst-jobs%3Fpageno%3D7,40000.0,40000.0
Trainee Data Admin,Newto Training,United Kingdom,"£25,000 - £78,000","SQL, Python, Excel, Power BI, Tableau, R, Azure",https://www.reed.co.uk/jobs/trainee-data-admin/57079981?source=searchResults&filter=%2Fjobs%2Fdata-analyst-jobs,51500.0,51500.0
Trainee AI Data Analyst (No Experience Needed – UK Remote),Uptrail,Manchester,"£27,000 - £35,000","SQL, Python, Excel, Power BI, Tableau, R, Machine Learning",https://www.reed.co.uk/jobs/trainee-ai-data-analyst-no-experience-needed--uk-remote/57171405?source=searchResults&filter=%2Fjobs%2Fdata-analyst-jobs%3Fpageno%3D4,31000.0,31000.0
Data Analyst - FTC,Harnham - Data & Analytics Recruitment,London,"£50,000 - £55,000","SQL, Python, Excel, Tableau, R",https://www.reed.co.uk/jobs/data-analyst-ftc/57149487?source=searchResults&filter=%2Fjobs%2Fdata-analyst-jobs%3Fpageno%3D3,52500.0,52500.0
Data Governance Analyst (Meta Data),Hays Specialist Recruitment Limited,Reigate,"£50,000 - £60,000",R,https://www.reed.co.uk/jobs/data-governance-analyst-meta-data/57121229?source=searchResults&filter=%2Fjobs%2Fdata-analyst-jobs%3Fpageno%3D14,55000.0,55000.0
Data & Operations Analyst,Crone Corkill,City of London,"£40,000 - £42,000","SQL, Excel, R",https://www.reed.co.uk/jobs/data-operations-analyst/57108354?source=searchResults&filter=%2Fjobs%2Fdata-analyst-jobs%3Fpageno%3D14,41000.0,41000.0
Data Analyst Trainee,ITOL Recruit,Milton Keynes,"£30,000 - £50,000","SQL, Python, Excel, Power BI, Tableau, R",https://www.reed.co.uk/jobs/data-analyst-trainee/57170910?source=searchResults&filter=%2Fjobs%2Fdata-analyst-jobs%3Fpageno%3D9,40000.0,40000.0
Data Analyst Trainee,ITOL Recruit,Brighton,"£30,000 - £50,000","SQL, Python, Excel, Power BI, Tableau, R",https://www.reed.co.uk/jobs/data-analyst-trainee/57147909?source=searchResults&filter=%2Fjobs%2Fdata-analyst-jobs%3Fpageno%3D5,40000.0,40000.0
Senior Data Analyst,Harnham - Data & Analytics Recruitment,London,"£70,000 - £72,000","SQL, Python, Excel, Power BI, Tableau, R, Azure",https://www.reed.co.uk/jobs/senior-data-analyst/57147074?source=searchResults&filter=%2Fjobs%2Fdata-analyst-jobs%3Fpageno%3D12,71000.0,71000.0
Trainee Data Analyst,ITOL Recruit,London,"£30,000 - £50,000","SQL, Python, Excel, Power BI, Tableau, R",https://www.reed.co.uk/jobs/trainee-data-analyst/57115071?source=searchResults&filter=%2Fjobs%2Fdata-analyst-jobs%3Fpageno%3D8,40000.0,40000.0
Trainee AI Data Analyst (No Experience Needed – UK Remote),Uptrail,London,"£27,000 - £35,000","SQL, Python, Excel, Power BI, Tableau, R, Machine Learning",https://www.reed.co.uk/jobs/trainee-ai-data-analyst-no-experience-needed--uk-remote/57171393?source=searchResults&filter=%2Fjobs%2Fdata-analyst-jobs%3Fpageno%3D4,31000.0,31000.0
Data Analyst Trainee,ITOL Recruit,Swindon,"£30,000 - £50,000","SQL, Python, Excel, Power BI, Tableau, R",https://www.reed.co.uk/jobs/data-analyst-trainee/57124901?source=searchResults&filter=%2Fjobs%2Fdata-analyst-jobs%3Fpageno%3D8,40000.0,40000.0
Data Analyst Trainee,ITOL Recruit,Hull,"£30,000 - £50,000","SQL, Python, Excel, Power BI, Tableau, R",https://www.reed.co.uk/jobs/data-analyst-trainee/57161382?source=searchResults&filter=%2Fjobs%2Fdata-analyst-jobs%3Fpageno%3D7,40000.0,40000.0
Data Analyst Trainee,ITOL Recruit,Norwich,"£30,000 - £50,000","SQL, Python, Excel, Power BI, Tableau, R",https://www.reed.co.uk/jobs/data-analyst-trainee/57124900?source=searchResults&filter=%2Fjobs%2Fdata-analyst-jobs%3Fpageno%3D10,40000.0,40000.0
Senior Data Analyst (Marketing),Harnham - Data & Analytics Recruitment,London,,"SQL, R",https://www.reed.co.uk/jobs/senior-data-analyst-marketing/57040885?source=searchResults&filter=%2Fjobs%2Fdata-analyst-jobs%3Fpageno%3D12,,
Trainee Data Analyst,Recruitment Solutions,Westerham,,"Excel, R",https://www.reed.co.uk/jobs/trainee-data-analyst/57171563?source=searchResults&filter=%2Fjobs%2Fdata-analyst-jobs%3Fpageno%3D4,,
MDM Materials Data Improvement Analyst,Elevation Recruitment Group,Leicester,"£26,000 - £28,000","Excel, Power BI, R",https://www.reed.co.uk/jobs/mdm-materials-data-improvement-analyst/57130353?source=searchResults&filter=%2Fjobs%2Fdata-analyst-jobs%3Fpageno%3D14,27000.0,27000.0
Data Analyst,AWD online,West Bromwich,"£28,505 - £34,613","Excel, Power BI, R",https://www.reed.co.uk/jobs/data-analyst/57159346?source=searchResults&filter=%2Fjobs%2Fdata-analyst-jobs%3Fpageno%3D2,31559.0,31559.0
Trainee Data Analyst,ITOL Recruit,Gloucester,"£30,000 - £50,000","SQL, Python, Excel, Power BI, Tableau, R",https://www.reed.co.uk/jobs/trainee-data-analyst/57166416?source=searchResults&filter=%2Fjobs%2Fdata-analyst-jobs%3Fpageno%3D3,40000.0,40000.0
Data Analyst,Tenth Revolution Group,Northumberland,"£35,000 - £50,000","SQL, Python, Power BI, Tableau, R",https://www.reed.co.uk/jobs/data-analyst/57105433?source=searchResults&filter=%2Fjobs%2Fdata-analyst-jobs%3Fpageno%3D2,42500.0,42500.0
Trainee Data Analyst,ITOL Recruit,Uxbridge,"£30,000 - £50,000","SQL, Python, Excel, Power BI, Tableau, R",https://www.reed.co.uk/jobs/trainee-data-analyst/57142896?source=searchResults&filter=%2Fjobs%2Fdata-analyst-jobs%3Fpageno%3D9,40000.0,40000.0
Data Analyst,Express Solicitors,Sharston,"£40,000 - £45,000","SQL, Python, Excel, Power BI, Tableau, R",https://www.reed.co.uk/jobs/data-analyst/57140218?source=searchResults&filter=%2Fjobs%2Fdata-analyst-jobs%3Fpageno%3D2,42500.0,42500.0
Trainee Data Analyst Associate,Newto Training,London,"£25,000 - £78,000","SQL, Python, Excel, Power BI, Tableau, R, Azure",https://www.reed.co.uk/jobs/trainee-data-analyst-associate/57079490?source=searchResults&filter=%2Fjobs%2Fdata-analyst-jobs%3Fpageno%3D12,51500.0,51500.0
Data/ Liquidity Analyst,NatWest CWS,London,,"SQL, Python, Excel, R",https://www.reed.co.uk/jobs/data-liquidity-analyst/57162876?source=searchResults&filter=%2Fjobs%2Fdata-analyst-jobs,,
HR Data Analyst,GXO Logistics,Northampton,,"SQL, Python, Excel, Power BI, R",https://www.reed.co.uk/jobs/hr-data-analyst/56876796?source=searchResults&filter=%2Fjobs%2Fdata-analyst-jobs,,
Trainee Data Analyst,ITOL Recruit,Basildon,"£30,000 - £50,000","SQL, Python, Excel, Power BI, Tableau, R",https://www.reed.co.uk/jobs/trainee-data-analyst/57115177?source=searchResults&filter=%2Fjobs%2Fdata-analyst-jobs%3Fpageno%3D11,40000.0,40000.0
Senior Data Analyst - Marketing & Digital,Harnham - Data & Analytics Recruitment,London,"£60,000 - £70,000","SQL, Python, Excel, Power BI, Tableau, R, Machine Learning",https://www.reed.co.uk/jobs/senior-data-analyst-marketing-digital/57111702?source=searchResults&filter=%2Fjobs%2Fdata-analyst-jobs%3Fpageno%3D14,65000.0,65000.0
Trainee Data Analyst,ITOL Recruit,Manchester,"£30,000 - £50,000","SQL, Python, Excel, Power BI, Tableau, R",https://www.reed.co.uk/jobs/trainee-data-analyst/57142878?source=searchResults&filter=%2Fjobs%2Fdata-analyst-jobs%3Fpageno%3D9,40000.0,40000.0
Data Analyst,Recruiit,Annesley,,"Python, Excel, Power BI, Tableau, R",https://www.reed.co.uk/jobs/data-analyst/57088034?source=searchResults&filter=%2Fjobs%2Fdata-analyst-jobs,,
Trainee Data Analyst,ITOL Recruit,Blackpool,"£30,000 - £50,000","SQL, Python, Excel, Power BI, Tableau, R",https://www.reed.co.uk/jobs/trainee-data-analyst/57170896?source=searchResults&filter=%2Fjobs%2Fdata-analyst-jobs%3Fpageno%3D9,40000.0,40000.0
Data Analyst Trainee,ITOL Recruit,Aberdeen,"£30,000 - £50,000","SQL, Python, Excel, Power BI, Tableau, R",https://www.reed.co.uk/jobs/data-analyst-trainee/57120146?source=searchResults&filter=%2Fjobs%2Fdata-analyst-jobs%3Fpageno%3D10,40000.0,40000.0
Exposure / Quantitative  Data Analyst,Insight Select Ltd,City of London,"£80,000 - £90,000","SQL, Python, Excel, Power BI, R, Machine Learning",https://www.reed.co.uk/jobs/exposure-quantitative-data-analyst/57055960?source=searchResults&filter=%2Fjobs%2Fdata-analyst-jobs%3Fpageno%3D12,85000.0,85000.0
Trainee Data Analyst,ITOL Recruit,Twickenham,"£30,000 - £50,000","SQL, Python, Excel, Power BI, Tableau, R",https://www.reed.co.uk/jobs/trainee-data-analyst/57120178?source=searchResults&filter=%2Fjobs%2Fdata-analyst-jobs%3Fpageno%3D3,40000.0,40000.0
Data Analyst Trainee,ITOL Recruit,Enfield,"£30,000 - £50,000","SQL, Python, Excel, Power BI, Tableau, R",https://www.reed.co.uk/jobs/data-analyst-trainee/57147553?source=searchResults&filter=%2Fjobs%2Fdata-analyst-jobs%3Fpageno%3D8,40000.0,40000.0
Data Analyst,Sagacity ,London,,"SQL, Python, Excel, Power BI, Tableau, R",https://www.reed.co.uk/jobs/data-analyst/56815207?source=searchResults&filter=%2Fjobs%2Fdata-analyst-jobs%3Fpageno%3D8,,
Data / BI Analyst,Akkodis,Manchester,"£45,000 - £50,000","SQL, Python, Excel, Power BI, Tableau, R, Machine Learning",https://www.reed.co.uk/jobs/data-bi-analyst/57146553?source=searchResults&filter=%2Fjobs%2Fdata-analyst-jobs%3Fpageno%3D13,47500.0,47500.0
Trainee Data Analyst,ITOL Recruit,Grimsby,"£30,000 - £50,000","SQL, Python, Excel, Tableau, R, Machine Learning",https://www.reed.co.uk/jobs/trainee-data-analyst/57120115?source=searchResults&filter=%2Fjobs%2Fdata-analyst-jobs%3Fpageno%3D6,40000.0,40000.0
Data Control Analyst,Adecco ,London,,"Python, Excel, R",https://www.reed.co.uk/jobs/data-control-analyst/57153147?source=searchResults&filter=%2Fjobs%2Fdata-analyst-jobs%3Fpageno%3D13,,
Senior Commercial Data Analyst,Pavilion Recruitment Solutions ,Surrey,"£40,000 - £45,000","Python, Excel, Power BI, R",https://www.reed.co.uk/jobs/senior-commercial-data-analyst/57163194?source=searchResults&filter=%2Fjobs%2Fdata-analyst-jobs%3Fpageno%3D12,42500.0,42500.0
Data Analyst Trainee,ITOL Recruit,London,"£30,000 - £50,000","SQL, Python, Excel, Power BI, Tableau, R",https://www.reed.co.uk/jobs/data-analyst-trainee/57166202?source=searchResults&filter=%2Fjobs%2Fdata-analyst-jobs%3Fpageno%3D7,40000.0,40000.0
Trainee Data Analyst,ITOL Recruit,Mansfield,"£30,000 - £50,000","SQL, Python, Excel, Power BI, Tableau, R",https://www.reed.co.uk/jobs/trainee-data-analyst/57138125?source=searchResults&filter=%2Fjobs%2Fdata-analyst-jobs%3Fpageno%3D10,40000.0,40000.0
Data Analyst,Harnham - Data & Analytics Recruitment,London,"£50,000 - £54,000","SQL, Python, Power BI, Tableau, R",https://www.reed.co.uk/jobs/data-analyst/57165187?source=searchResults&filter=%2Fjobs%2Fdata-analyst-jobs%3Fpageno%3D3,52000.0,52000.0
Data Analyst Trainee,ITOL Recruit,Croydon,"£30,000 - £50,000","SQL, Python, Excel, Power BI, Tableau, R",https://www.reed.co.uk/jobs/data-analyst-trainee/57115116?source=searchResults&filter=%2Fjobs%2Fdata-analyst-jobs%3Fpageno%3D6,40000.0,40000.0
Senior Data Analyst,Harnham - Data & Analytics Recruitment,London,"£40,000 - £50,000","SQL, Excel, Power BI, Tableau, R",https://www.reed.co.uk/jobs/senior-data-analyst/57108356?source=searchResults&filter=%2Fjobs%2Fdata-analyst-jobs%3Fpageno%3D12,45000.0,45000.0
Trainee Data Analyst,ITOL Recruit,Coventry,"£30,000 - £50,000","SQL, Python, Excel, Power BI, Tableau, R",https://www.reed.co.uk/jobs/trainee-data-analyst/57115206?source=searchResults&filter=%2Fjobs%2Fdata-analyst-jobs%3Fpageno%3D3,40000.0,40000.0
Data Analyst Trainee,ITOL Recruit,London,"£30,000 - £50,000","SQL, Python, Excel, Power BI, Tableau, R",https://www.reed.co.uk/jobs/data-analyst-trainee/57147641?source=searchResults&filter=%2Fjobs%2Fdata-analyst-jobs%3Fpageno%3D6,40000.0,40000.0
Data Analyst Associate - no experience necessary - job guarantee,Newto Training,United Kingdom,"£25,000 - £78,000","SQL, Python, Excel, Power BI, Tableau, R, Azure",https://www.reed.co.uk/jobs/data-analyst-associate-no-experience-necessary-job-guarantee/57079566?source=searchResults&filter=%2Fjobs%2Fdata-analyst-jobs%3Fpageno%3D14,51500.0,51500.0
Data Analyst Trainee,ITOL Recruit,Gateshead,"£30,000 - £50,000","SQL, Python, Excel, Power BI, Tableau, R",https://www.reed.co.uk/jobs/data-analyst-trainee/57166469?source=searchResults&filter=%2Fjobs%2Fdata-analyst-jobs%3Fpageno%3D9,40000.0,40000.0
AI Business Analyst,Spectrum IT Recruitment,Southampton,,"Excel, R, Machine Learning",https://www.reed.co.uk/jobs/ai-business-analyst/57148660?source=searchResults&filter=%2Fjobs%2Fdata-analyst-jobs%3Fpageno%3D13,,
Trainee Data Analyst,ITOL Recruit,Bath Road,"£30,000 - £50,000","SQL, Python, Excel, Power BI, Tableau, R",https://www.reed.co.uk/jobs/trainee-data-analyst/57120104?source=searchResults&filter=%2Fjobs%2Fdata-analyst-jobs%3Fpageno%3D3,40000.0,40000.0
Trainee Data Analyst,ITOL Recruit,Chichester,"£30,000 - £50,000","SQL, Python, Excel, Tableau, R, Machine Learning",https://www.reed.co.uk/jobs/trainee-data-analyst/57147506?source=searchResults&filter=%2Fjobs%2Fdata-analyst-jobs%3Fpageno%3D11,40000.0,40000.0
Data Analyst,Sagacity ,London,,"SQL, Python, Excel, Power BI, Tableau, R",https://www.reed.co.uk/jobs/data-analyst/56815207?source=searchResults&filter=%2Fjobs%2Fdata-analyst-jobs%3Fpageno%3D9,,
Data Analyst,Sagacity ,London,,"SQL, Python, Excel, Power BI, Tableau, R",https://www.reed.co.uk/jobs/data-analyst/56815207?source=searchResults&filter=%2Fjobs%2Fdata-analyst-jobs%3Fpageno%3D13,,
Data Analyst Trainee,ITOL Recruit,Uxbridge,"£30,000 - £50,000","SQL, Python, Excel, Power BI, Tableau, R",https://www.reed.co.uk/jobs/data-analyst-trainee/57161511?source=searchResults&filter=%2Fjobs%2Fdata-analyst-jobs%3Fpageno%3D7,40000.0,40000.0
Trainee Data Analyst,ITOL Recruit,London,"£30,000 - £50,000","SQL, Python, Excel, Power BI, Tableau, R",https://www.reed.co.uk/jobs/trainee-data-analyst/57115181?source=searchResults&filter=%2Fjobs%2Fdata-analyst-jobs%3Fpageno%3D3,40000.0,40000.0
Data Governance Analyst,Reed,Kings Cross,,"Excel, Power BI, Tableau, R",https://www.reed.co.uk/jobs/data-governance-analyst/57087244?source=searchResults&filter=%2Fjobs%2Fdata-analyst-jobs%3Fpageno%3D13,,
Data Analyst,Harnham - Data & Analytics Recruitment,London,"£50,000 - £55,000","SQL, Python, Excel, R",https://www.reed.co.uk/jobs/data-analyst/57151100?source=searchResults&filter=%2Fjobs%2Fdata-analyst-jobs,52500.0,52500.0
Data Analyst,TELECOM ACQUISITIONS LTD,West Sussex,,"SQL, Excel, Power BI, R, Azure",https://www.reed.co.uk/jobs/data-analyst/56868469?source=searchResults&filter=%2Fjobs%2Fdata-analyst-jobs%3Fpageno%3D2,,
Data Analyst,Sphere Digital Recruitment,London,,"SQL, Python, Excel, Power BI, Tableau, R, Machine Learning",https://www.reed.co.uk/jobs/data-analyst/57169866?source=searchResults&filter=%2Fjobs%2Fdata-analyst-jobs%3Fpageno%3D2,,
Trainee Data Analyst,	 Finlay Jude Associates Limited,Horsham,,"Excel, R",https://www.reed.co.uk/jobs/trainee-data-analyst/57125463?source=searchResults&filter=%2Fjobs%2Fdata-analyst-jobs%3Fpageno%3D11,,
Data Analyst,Sagacity ,London,,"SQL, Python, Excel, Power BI, Tableau, R",https://www.reed.co.uk/jobs/data-analyst/56815207?source=searchResults&filter=%2Fjobs%2Fdata-analyst-jobs%3Fpageno%3D14,,
Data Analyst Trainee,ITOL Recruit,Wolverhampton,"£30,000 - £50,000","SQL, Python, Excel, Power BI, Tableau, R",https://www.reed.co.uk/jobs/data-analyst-trainee/57142988?source=searchResults&filter=%2Fjobs%2Fdata-analyst-jobs%3Fpageno%3D9,40000.0,40000.0
Data Analyst Trainee,ITOL Recruit,Basildon,"£30,000 - £50,000","SQL, Python, Excel, Power BI, Tableau, R",https://www.reed.co.uk/jobs/data-analyst-trainee/57170889?source=searchResults&filter=%2Fjobs%2Fdata-analyst-jobs%3Fpageno%3D4,40000.0,40000.0
Data Analyst Trainee,ITOL Recruit,London,"£30,000 - £50,000","SQL, Python, Excel, Power BI, Tableau, R",https://www.reed.co.uk/jobs/data-analyst-trainee/57124909?source=searchResults&filter=%2Fjobs%2Fdata-analyst-jobs%3Fpageno%3D5,40000.0,40000.0
Data Analyst Trainee,ITOL Recruit,Bradford,"£30,000 - £50,000","SQL, Python, Excel, Power BI, Tableau, R",https://www.reed.co.uk/jobs/data-analyst-trainee/57166216?source=searchResults&filter=%2Fjobs%2Fdata-analyst-jobs%3Fpageno%3D7,40000.0,40000.0
Trainee Data Analyst,ITOL Recruit,Middlesbrough,"£30,000 - £50,000","SQL, Python, Excel, Power BI, Tableau, R",https://www.reed.co.uk/jobs/trainee-data-analyst/57115245?source=searchResults&filter=%2Fjobs%2Fdata-analyst-jobs%3Fpageno%3D11,40000.0,40000.0
Trainee Data Analyst Associate - job guarantee,Newto Training,United Kingdom,"£25,000 - £78,000","SQL, Python, Excel, Power BI, Tableau, R, Azure",https://www.reed.co.uk/jobs/trainee-data-analyst-associate-job-guarantee/57079609?source=searchResults&filter=%2Fjobs%2Fdata-analyst-jobs%3Fpageno%3D14,51500.0,51500.0
Data Analyst,TELECOM ACQUISITIONS LTD,West Sussex,,"SQL, Excel, Power BI, R, Azure",https://www.reed.co.uk/jobs/data-analyst/56868469?source=searchResults&filter=%2Fjobs%2Fdata-analyst-jobs%3Fpageno%3D11,,
Purview Data Governance Analyst,Hays Specialist Recruitment Limited,Milton Keynes,,"Excel, Power BI, R, Azure",https://www.reed.co.uk/jobs/purview-data-governance-analyst/57172918?source=searchResults&filter=%2Fjobs%2Fdata-analyst-jobs%3Fpageno%3D14,,
Data Analyst,TELECOM ACQUISITIONS LTD,West Sussex,,"SQL, Excel, Power BI, R, Azure",https://www.reed.co.uk/jobs/data-analyst/56868469?source=searchResults&filter=%2Fjobs%2Fdata-analyst-jobs%3Fpageno%3D4,,
Data Analyst Trainee - job guarantee,Newto Training,Tyn Lon,"£25,000 - £78,000","SQL, Python, Excel, Power BI, Tableau, R, Azure",https://www.reed.co.uk/jobs/data-analyst-trainee-job-guarantee/57079549?source=searchResults&filter=%2Fjobs%2Fdata-analyst-jobs%3Fpageno%3D13,51500.0,51500.0
Data Privacy Analyst,Robert Half,London,,"Excel, R, Azure, AWS",https://www.reed.co.uk/jobs/data-privacy-analyst/57119357?source=searchResults&filter=%2Fjobs%2Fdata-analyst-jobs%3Fpageno%3D13,,
Data Analyst Trainee,ITOL Recruit,United Kingdom,"£30,000 - £50,000","SQL, Python, Excel, Power BI, Tableau, R",https://www.reed.co.uk/jobs/data-analyst-trainee/57140475?source=searchResults&filter=%2Fjobs%2Fdata-analyst-jobs%3Fpageno%3D4,40000.0,40000.0
Manufacturing Engineering Data & Reporting Analyst (Data Analyst),Varite UK Limited,Solihull,,"SQL, Python, Excel, Power BI, Tableau, R, Machine Learning",https://www.reed.co.uk/jobs/manufacturing-engineering-data-reporting-analyst-data-analyst/57147083?source=searchResults&filter=%2Fjobs%2Fdata-analyst-jobs%3Fpageno%3D3,,
Data Science Analyst,Vermelo RPO,Bretton,,"SQL, Python, Power BI, Tableau, R, Azure, Machine Learning",https://www.reed.co.uk/jobs/data-science-analyst/57042495?source=searchResults&filter=%2Fjobs%2Fdata-analyst-jobs,,
Data and Insights Analyst,Harnham - Data & Analytics Recruitment,London,"£35,000 - £45,000","SQL, Python, Excel, R",https://www.reed.co.uk/jobs/data-and-insights-analyst/57107675?source=searchResults&filter=%2Fjobs%2Fdata-analyst-jobs%3Fpageno%3D14,40000.0,40000.0
Data Analyst Associate - no experience necessary,Newto Training,United Kingdom,"£25,000 - £78,000","SQL, Python, Excel, Power BI, Tableau, R, Azure",https://www.reed.co.uk/jobs/data-analyst-associate-no-experience-necessary/57079606?source=searchResults&filter=%2Fjobs%2Fdata-analyst-jobs%3Fpageno%3D14,51500.0,51500.0
Data Analyst Trainee,ITOL Recruit,London,"£30,000 - £50,000","SQL, Python, Excel, Power BI, Tableau, R",https://www.reed.co.uk/jobs/data-analyst-trainee/57138115?source=searchResults&filter=%2Fjobs%2Fdata-analyst-jobs%3Fpageno%3D9,40000.0,40000.0
Data Analyst - No experience needed,Newto Training,United Kingdom,"£25,000 - £78,000","SQL, Python, Excel, Power BI, Tableau, R, Azure",https://www.reed.co.uk/jobs/data-analyst-no-experience-needed/57079560?source=searchResults&filter=%2Fjobs%2Fdata-analyst-jobs%3Fpageno%3D13,51500.0,51500.0
Data Analyst - Snowflake / Salesforce,Sanderson ,Bristol,£400 - £475,"SQL, Python, Power BI, Tableau, R",https://www.reed.co.uk/jobs/data-analyst-snowflake-salesforce/57111561?source=searchResults&filter=%2Fjobs%2Fdata-analyst-jobs%3Fpageno%3D12,437.5,
Data Analyst / SQL Developer,Beagle Technology Group,Christchurch,,"SQL, Excel, Power BI, R",https://www.reed.co.uk/jobs/data-analyst-sql-developer/57149519?source=searchResults&filter=%2Fjobs%2Fdata-analyst-jobs,,
Data Analyst Trainee,ITOL Recruit,Darlington,"£30,000 - £50,000","SQL, Python, Excel, Power BI, Tableau, R",https://www.reed.co.uk/jobs/data-analyst-trainee/57124883?source=searchResults&filter=%2Fjobs%2Fdata-analyst-jobs%3Fpageno%3D10,40000.0,40000.0
Data Analyst,Sellick Partnership,Newcastle Upon Tyne,,"SQL, Excel, Power BI, R",https://www.reed.co.uk/jobs/data-analyst/57151787?source=searchResults&filter=%2Fjobs%2Fdata-analyst-jobs,,
Trainee Data Analyst,ITOL Recruit,Crayford,"£30,000 - £50,000","SQL, Python, Excel, Power BI, Tableau, R",https://www.reed.co.uk/jobs/trainee-data-analyst/57138388?source=searchResults&filter=%2Fjobs%2Fdata-analyst-jobs%3Fpageno%3D9,40000.0,40000.0
Data Analyst Trainee,ITOL Recruit,Preston,"£30,000 - £50,000","SQL, Python, Excel, Power BI, Tableau, R",https://www.reed.co.uk/jobs/data-analyst-trainee/57161308?source=searchResults&filter=%2Fjobs%2Fdata-analyst-jobs%3Fpageno%3D7,40000.0,40000.0
Data Analyst Trainee,ITOL Recruit,Buxton,"£30,000 - £50,000","SQL, Python, Excel, Power BI, Tableau, R",https://www.reed.co.uk/jobs/data-analyst-trainee/57124884?source=searchResults&filter=%2Fjobs%2Fdata-analyst-jobs%3Fpageno%3D5,40000.0,40000.0
Data Analyst Trainee,ITOL Recruit,United Kingdom,"£30,000 - £50,000","SQL, Python, Excel, Power BI, Tableau, R",https://www.reed.co.uk/jobs/data-analyst-trainee/57081315?source=searchResults&filter=%2Fjobs%2Fdata-analyst-jobs%3Fpageno%3D8,40000.0,40000.0
Data Analyst,Harnham - Data & Analytics Recruitment,London,,"SQL, Python, Excel, Power BI, Tableau, R",https://www.reed.co.uk/jobs/data-analyst/57130483?source=searchResults&filter=%2Fjobs%2Fdata-analyst-jobs%3Fpageno%3D2,,
Data Analyst Trainee,ITOL Recruit,London,"£30,000 - £50,000","SQL, Python, Excel, Power BI, Tableau, R",https://www.reed.co.uk/jobs/data-analyst-trainee/57147509?source=searchResults&filter=%2Fjobs%2Fdata-analyst-jobs%3Fpageno%3D4,40000.0,40000.0
Data Analyst Trainee,ITOL Recruit,Stoke-on-Trent,"£30,000 - £50,000","SQL, Python, Excel, Power BI, Tableau, R",https://www.reed.co.uk/jobs/data-analyst-trainee/57147804?source=searchResults&filter=%2Fjobs%2Fdata-analyst-jobs%3Fpageno%3D5,40000.0,40000.0
Trainee Data Analyst,ITOL Recruit,Birmingham,"£30,000 - £50,000","SQL, Python, Excel, Power BI, Tableau, R",https://www.reed.co.uk/jobs/trainee-data-analyst/57124975?source=searchResults&filter=%2Fjobs%2Fdata-analyst-jobs%3Fpageno%3D7,40000.0,40000.0
Trainee Data Analyst,ITOL Recruit,Bradford,"£30,000 - £50,000","SQL, Python, Excel, Tableau, R, Machine Learning",https://www.reed.co.uk/jobs/trainee-data-analyst/57138053?source=searchResults&filter=%2Fjobs%2Fdata-analyst-jobs%3Fpageno%3D6,40000.0,40000.0
Senior Data Analyst,Tenth Revolution Group,London,"£70,000 - £80,000","SQL, Python, Excel, Tableau, R, Azure, AWS",https://www.reed.co.uk/jobs/senior-data-analyst/57150801?source=searchResults&filter=%2Fjobs%2Fdata-analyst-jobs%3Fpageno%3D11,75000.0,75000.0
AI Business Analyst,VIQU IT Recruitment,Southampton,,"R, Machine Learning",https://www.reed.co.uk/jobs/ai-business-analyst/57148927?source=searchResults&filter=%2Fjobs%2Fdata-analyst-jobs%3Fpageno%3D12,,
Graduate Data Analyst,Consula Group LTD,Manchester,,"SQL, Python, Excel, Power BI, Tableau, R, Machine Learning, Statistics",https://www.reed.co.uk/jobs/graduate-data-analyst/57160458?source=searchResults&filter=%2Fjobs%2Fdata-analyst-jobs%3Fpageno%3D4,,
Data Analyst Trainee,ITOL Recruit,Glasgow,"£30,000 - £50,000","SQL, Python, Excel, Power BI, Tableau, R",https://www.reed.co.uk/jobs/data-analyst-trainee/57166236?source=searchResults&filter=%2Fjobs%2Fdata-analyst-jobs%3Fpageno%3D7,40000.0,40000.0
Data Business Analyst,Futures,Bradford,"£45,000 - £55,000","SQL, Python, Excel, Power BI, Tableau, R, Azure, AWS, Machine Learning",https://www.reed.co.uk/jobs/data-business-analyst/57142839?source=searchResults&filter=%2Fjobs%2Fdata-analyst-jobs%3Fpageno%3D13,50000.0,50000.0
Data Analyst,Office Angels,London,"£40,000 - £45,000","SQL, Python, Excel, R",https://www.reed.co.uk/jobs/data-analyst/57059189?source=searchResults&filter=%2Fjobs%2Fdata-analyst-jobs%3Fpageno%3D2,42500.0,42500.0
Senior Data Analyst - Ex-Forces Programme,FDM Group,London,,"R, AWS, Machine Learning",https://www.reed.co.uk/jobs/senior-data-analyst-ex-forces-programme/56764568?source=searchResults&filter=%2Fjobs%2Fdata-analyst-jobs%3Fpageno%3D4,,
Data Analyst Trainee,ITOL Recruit,London,"£30,000 - £50,000","SQL, Python, Excel, Power BI, Tableau, R",https://www.reed.co.uk/jobs/data-analyst-trainee/57147928?source=searchResults&filter=%2Fjobs%2Fdata-analyst-jobs%3Fpageno%3D10,40000.0,40000.0
Data Analyst,Consula Group LTD,Brighton,"£80,000 - £110,000","SQL, Python, Excel, Power BI, Tableau, R, Azure, AWS",https://www.reed.co.uk/jobs/data-analyst/57130495?source=searchResults&filter=%2Fjobs%2Fdata-analyst-jobs%3Fpageno%3D2,95000.0,95000.0
Trainee Data Analyst,ITOL Recruit,Burnley,"£30,000 - £50,000","SQL, Python, Excel, Power BI, Tableau, R",https://www.reed.co.uk/jobs/trainee-data-analyst/57115250?source=searchResults&filter=%2Fjobs%2Fdata-analyst-jobs%3Fpageno%3D11,40000.0,40000.0
Data Analyst Trainee,ITOL Recruit,Chelmsford,"£30,000 - £50,000","SQL, Python, Excel, Power BI, Tableau, R",https://www.reed.co.uk/jobs/data-analyst-trainee/57115153?source=searchResults&filter=%2Fjobs%2Fdata-analyst-jobs%3Fpageno%3D9,40000.0,40000.0
Trainee Data Analyst,ITOL Recruit,London,"£30,000 - £50,000","SQL, Python, Excel, Power BI, Tableau, R",https://www.reed.co.uk/jobs/trainee-data-analyst/57142957?source=searchResults&filter=%2Fjobs%2Fdata-analyst-jobs%3Fpageno%3D9,40000.0,40000.0
Data Cleansing Analyst,Rise10 Recruitment,Harlow,"£28,000 - £32,000","SQL, Excel, R",https://www.reed.co.uk/jobs/data-cleansing-analyst/57139452?source=searchResults&filter=%2Fjobs%2Fdata-analyst-jobs%3Fpageno%3D13,30000.0,30000.0
Senior Data Analyst / Equal Pay Specialist,Reed,London,,"SQL, Python, Excel, R",https://www.reed.co.uk/jobs/senior-data-analyst-equal-pay-specialist/57088665?source=searchResults&filter=%2Fjobs%2Fdata-analyst-jobs%3Fpageno%3D14,,
Data Analyst Trainee,ITOL Recruit,Birkenhead,"£30,000 - £50,000","SQL, Python, Excel, Power BI, Tableau, R",https://www.reed.co.uk/jobs/data-analyst-trainee/57104472?source=searchResults&filter=%2Fjobs%2Fdata-analyst-jobs%3Fpageno%3D8,40000.0,40000.0
Data Analyst Trainee,ITOL Recruit,London,"£30,000 - £50,000","SQL, Python, Excel, Power BI, Tableau, R",https://www.reed.co.uk/jobs/data-analyst-trainee/57147923?source=searchResults&filter=%2Fjobs%2Fdata-analyst-jobs%3Fpageno%3D8,40000.0,40000.0
Data Analyst,Sagacity ,London,,"SQL, Python, Excel, Power BI, Tableau, R",https://www.reed.co.uk/jobs/data-analyst/56815207?source=searchResults&filter=%2Fjobs%2Fdata-analyst-jobs%3Fpageno%3D12,,
Senior Data Analyst,Agility,Manchester,"£45,000 - £60,000","SQL, Python, Excel, Power BI, Tableau, R, Machine Learning",https://www.reed.co.uk/jobs/senior-data-analyst/57032780?source=searchResults&filter=%2Fjobs%2Fdata-analyst-jobs%3Fpageno%3D11,52500.0,52500.0
Data Analyst Apprentice,QA,Birmingham Airport,"£20,000 - £23,000","Excel, R",https://www.reed.co.uk/jobs/data-analyst-apprentice/57154210?source=searchResults&filter=%2Fjobs%2Fdata-analyst-jobs,21500.0,21500.0
Data Analyst Trainee,ITOL Recruit,Gloucester,"£30,000 - £50,000","SQL, Python, Excel, Power BI, Tableau, R",https://www.reed.co.uk/jobs/data-analyst-trainee/57161149?source=searchResults&filter=%2Fjobs%2Fdata-analyst-jobs%3Fpageno%3D8,40000.0,40000.0
Senior Data Analyst,William Reed,London,,"SQL, Python, Excel, Power BI, Tableau, R, Machine Learning",https://www.reed.co.uk/jobs/senior-data-analyst/57059876?source=searchResults&filter=%2Fjobs%2Fdata-analyst-jobs,,
Data Analyst Trainee,ITOL Recruit,Luton,"£30,000 - £50,000","SQL, Python, Excel, Power BI, Tableau, R",https://www.reed.co.uk/jobs/data-analyst-trainee/57125018?source=searchResults&filter=%2Fjobs%2Fdata-analyst-jobs%3Fpageno%3D6,40000.0,40000.0
Data Analyst Trainee,ITOL Recruit,Staffordshire,"£30,000 - £50,000","SQL, Python, Excel, Power BI, Tableau, R",https://www.reed.co.uk/jobs/data-analyst-trainee/57120359?source=searchResults&filter=%2Fjobs%2Fdata-analyst-jobs%3Fpageno%3D8,40000.0,40000.0
Data Analyst Trainee,ITOL Recruit,North West London,"£30,000 - £50,000","SQL, Python, Excel, Power BI, Tableau, R",https://www.reed.co.uk/jobs/data-analyst-trainee/57166255?source=searchResults&filter=%2Fjobs%2Fdata-analyst-jobs%3Fpageno%3D10,40000.0,40000.0
SAP Master Data Analyst,Adecco ,Rotherham,"£40,000 - £60,000","Excel, R",https://www.reed.co.uk/jobs/sap-master-data-analyst/57110915?source=searchResults&filter=%2Fjobs%2Fdata-analyst-jobs%3Fpageno%3D12,50000.0,50000.0
Data Analyst Trainee,ITOL Recruit,Tamworth,"£30,000 - £50,000","SQL, Python, Excel, Power BI, Tableau, R",https://www.reed.co.uk/jobs/data-analyst-trainee/57170648?source=searchResults&filter=%2Fjobs%2Fdata-analyst-jobs%3Fpageno%3D9,40000.0,40000.0
Data Analyst,TELECOM ACQUISITIONS LTD,West Sussex,,"SQL, Excel, Power BI, R, Azure",https://www.reed.co.uk/jobs/data-analyst/56868469?source=searchResults&filter=%2Fjobs%2Fdata-analyst-jobs%3Fpageno%3D10,,
Data Analyst Trainee,ITOL Recruit,London,"£30,000 - £50,000","SQL, Python, Excel, Power BI, Tableau, R",https://www.reed.co.uk/jobs/data-analyst-trainee/57166260?source=searchResults&filter=%2Fjobs%2Fdata-analyst-jobs%3Fpageno%3D10,40000.0,40000.0
Trainee Data Analyst,ITOL Recruit,London,"£30,000 - £50,000","SQL, Python, Excel, Power BI, Tableau, R",https://www.reed.co.uk/jobs/trainee-data-analyst/57170718?source=searchResults&filter=%2Fjobs%2Fdata-analyst-jobs%3Fpageno%3D3,40000.0,40000.0
Senior Data Analyst,Harnham - Data & Analytics Recruitment,London,"£40,000 - £50,000","SQL, Excel, Power BI, Tableau, R",https://www.reed.co.uk/jobs/senior-data-analyst/57107341?source=searchResults&filter=%2Fjobs%2Fdata-analyst-jobs%3Fpageno%3D11,45000.0,45000.0
Data Analyst,TELECOM ACQUISITIONS LTD,West Sussex,,"SQL, Excel, Power BI, R, Azure",https://www.reed.co.uk/jobs/data-analyst/56868469?source=searchResults&filter=%2Fjobs%2Fdata-analyst-jobs%3Fpageno%3D3,,
Trainee Data Analyst,ITOL Recruit,Walsall,"£30,000 - £50,000","SQL, Python, Excel, Power BI, Tableau, R",https://www.reed.co.uk/jobs/trainee-data-analyst/57138083?source=searchResults&filter=%2Fjobs%2Fdata-analyst-jobs%3Fpageno%3D7,40000.0,40000.0
Data Analyst,Consula Group LTD,Manchester,"£80,000 - £110,000","SQL, Python, Excel, Power BI, Tableau, R, Azure, AWS",https://www.reed.co.uk/jobs/data-analyst/57077717?source=searchResults&filter=%2Fjobs%2Fdata-analyst-jobs%3Fpageno%3D2,95000.0,95000.0
Data Analyst Trainee,ITOL Recruit,London,"£30,000 - £50,000","SQL, Python, Excel, Power BI, Tableau, R",https://www.reed.co.uk/jobs/data-analyst-trainee/57115317?source=searchResults&filter=%2Fjobs%2Fdata-analyst-jobs%3Fpageno%3D6,40000.0,40000.0
Data Analyst Trainee,ITOL Recruit,Grimsby,"£30,000 - £50,000","SQL, Python, Excel, Power BI, Tableau, R",https://www.reed.co.uk/jobs/data-analyst-trainee/57161131?source=searchResults&filter=%2Fjobs%2Fdata-analyst-jobs%3Fpageno%3D8,40000.0,40000.0
Office Administrator/Data Analyst,Equals One,Steeton,"£26,500 - £30,000","Excel, R",https://www.reed.co.uk/jobs/office-administrator-data-analyst/57099657?source=searchResults&filter=%2Fjobs%2Fdata-analyst-jobs%3Fpageno%3D13,28250.0,28250.0
Senior Marketing Data Analyst (12-month FTC),Harnham - Data & Analytics Recruitment,London,"£70,000 - £80,000","SQL, R",https://www.reed.co.uk/jobs/senior-marketing-data-analyst-12-month-ftc/57038359?source=searchResults&filter=%2Fjobs%2Fdata-analyst-jobs%3Fpageno%3D14,75000.0,75000.0
Data Analyst Trainee,ITOL Recruit,Newport,"£30,000 - £50,000","SQL, Python, Excel, Power BI, Tableau, R",https://www.reed.co.uk/jobs/data-analyst-trainee/57166238?source=searchResults&filter=%2Fjobs%2Fdata-analyst-jobs%3Fpageno%3D9,40000.0,40000.0
Trainee Data Analyst,ITOL Recruit,London,"£30,000 - £50,000","SQL, Python, Excel, Power BI, Tableau, R",https://www.reed.co.uk/jobs/trainee-data-analyst/57120128?source=searchResults&filter=%2Fjobs%2Fdata-analyst-jobs%3Fpageno%3D8,40000.0,40000.0
Data Migration Analyst,Akkodis,Cheshire,£275 - £300,"Excel, R",https://www.reed.co.uk/jobs/data-migration-analyst/57171441?source=searchResults&filter=%2Fjobs%2Fdata-analyst-jobs%3Fpageno%3D13,287.5,
Data Analyst,	 R3vamp Limited,London,"£42,000 - £45,000","SQL, Excel, Power BI, R",https://www.reed.co.uk/jobs/data-analyst/57104173?source=searchResults&filter=%2Fjobs%2Fdata-analyst-jobs,43500.0,43500.0
Trainee Data Analyst,ITOL Recruit,High Wycombe,"£30,000 - £50,000","SQL, Python, Excel, Power BI, Tableau, R",https://www.reed.co.uk/jobs/trainee-data-analyst/57120364?source=searchResults&filter=%2Fjobs%2Fdata-analyst-jobs%3Fpageno%3D3,40000.0,40000.0
Data Analyst Trainee,ITOL Recruit,Sheffield,"£30,000 - £50,000","SQL, Python, Excel, Power BI, Tableau, R",https://www.reed.co.uk/jobs/data-analyst-trainee/57166251?source=searchResults&filter=%2Fjobs%2Fdata-analyst-jobs%3Fpageno%3D5,40000.0,40000.0
Junior Insurance Data Analyst,Neon Talent Solutions,Bristol,,"Excel, R",https://www.reed.co.uk/jobs/junior-insurance-data-analyst/57062824?source=searchResults&filter=%2Fjobs%2Fdata-analyst-jobs%3Fpageno%3D12,,
Data Analyst Trainee,ITOL Recruit,Romford,"£30,000 - £50,000","SQL, Python, Excel, Power BI, Tableau, R",https://www.reed.co.uk/jobs/data-analyst-trainee/57138063?source=searchResults&filter=%2Fjobs%2Fdata-analyst-jobs%3Fpageno%3D4,40000.0,40000.0
Data Analyst,TELECOM ACQUISITIONS LTD,West Sussex,,"SQL, Excel, Power BI, R, Azure",https://www.reed.co.uk/jobs/data-analyst/56868469?source=searchResults&filter=%2Fjobs%2Fdata-analyst-jobs%3Fpageno%3D14,,
Data Analyst Trainee,ITOL Recruit,London,"£30,000 - £50,000","SQL, Python, Excel, Power BI, Tableau, R",https://www.reed.co.uk/jobs/data-analyst-trainee/57161513?source=searchResults&filter=%2Fjobs%2Fdata-analyst-jobs%3Fpageno%3D5,40000.0,40000.0
Junior Data Analyst,Tenth Revolution Group,Newcastle Upon Tyne,"£25,000 - £35,000","SQL, Python, Excel, Power BI, Tableau, R, Azure, Statistics",https://www.reed.co.uk/jobs/junior-data-analyst/57120587?source=searchResults&filter=%2Fjobs%2Fdata-analyst-jobs%3Fpageno%3D11,30000.0,30000.0
Trainee Data Analyst,ITOL Recruit,Leeds,"£30,000 - £50,000","SQL, Python, Excel, Power BI, Tableau, R",https://www.reed.co.uk/jobs/trainee-data-analyst/57138472?source=searchResults&filter=%2Fjobs%2Fdata-analyst-jobs%3Fpageno%3D7,40000.0,40000.0
Data Analyst - Commercial Insight,Harnham - Data & Analytics Recruitment,London,"£80,000 - £90,000","Excel, R",https://www.reed.co.uk/jobs/data-analyst-commercial-insight/57105995?source=searchResults&filter=%2Fjobs%2Fdata-analyst-jobs%3Fpageno%3D4,85000.0,85000.0
Senior Data Analyst,Harnham - Data & Analytics Recruitment,London,"£45,000 - £55,000","SQL, Python, Excel, R",https://www.reed.co.uk/jobs/senior-data-analyst/57032665?source=searchResults&filter=%2Fjobs%2Fdata-analyst-jobs%3Fpageno%3D11,50000.0,50000.0
Data Analyst,Catalyst,Gateshead,"£50,000 - £80,000","SQL, Python, Excel, Power BI, Tableau, R, Machine Learning",https://www.reed.co.uk/jobs/data-analyst/57174156?source=searchResults&filter=%2Fjobs%2Fdata-analyst-jobs%3Fpageno%3D2,65000.0,65000.0
Data Analyst,Sagacity ,London,,"SQL, Python, Excel, Power BI, Tableau, R",https://www.reed.co.uk/jobs/data-analyst/56815207?source=searchResults&filter=%2Fjobs%2Fdata-analyst-jobs%3Fpageno%3D4,,
Trainee Data Analyst,ITOL Recruit,East London,"£30,000 - £50,000","SQL, Python, Excel, Power BI, Tableau, R",https://www.reed.co.uk/jobs/trainee-data-analyst/57124919?source=searchResults&filter=%2Fjobs%2Fdata-analyst-jobs%3Fpageno%3D8,40000.0,40000.0
Data Governance Analyst - Metadata - HYBRID,Proactive Appointments,Hampshire,"£50,000 - £60,000",R,https://www.reed.co.uk/jobs/data-governance-analyst-metadata-hybrid/57078929?source=searchResults&filter=%2Fjobs%2Fdata-analyst-jobs%3Fpageno%3D14,55000.0,55000.0
Trainee Data Analyst,ITOL Recruit,Reading,"£30,000 - £50,000","SQL, Python, Excel, Power BI, Tableau, R",https://www.reed.co.uk/jobs/trainee-data-analyst/57124922?source=searchResults&filter=%2Fjobs%2Fdata-analyst-jobs%3Fpageno%3D10,40000.0,40000.0
Data Analyst Trainee,ITOL Recruit,Manchester,"£30,000 - £50,000","SQL, Python, Excel, Power BI, Tableau, R",https://www.reed.co.uk/jobs/data-analyst-trainee/57147768?source=searchResults&filter=%2Fjobs%2Fdata-analyst-jobs%3Fpageno%3D6,40000.0,40000.0
Data Analyst Trainee,ITOL Recruit,Southport,"£30,000 - £50,000","SQL, Python, Excel, Power BI, Tableau, R",https://www.reed.co.uk/jobs/data-analyst-trainee/57120078?source=searchResults&filter=%2Fjobs%2Fdata-analyst-jobs%3Fpageno%3D8,40000.0,40000.0
CRM and Data Analyst,Hydrogen Group,Thailand,,"SQL, R, Azure, Machine Learning",https://www.reed.co.uk/jobs/crm-and-data-analyst/57111682?source=searchResults&filter=%2Fjobs%2Fdata-analyst-jobs%3Fpageno%3D13,,
Data Analyst Trainee,ITOL Recruit,Chelmsford,"£30,000 - £50,000","SQL, Python, Excel, Power BI, Tableau, R",https://www.reed.co.uk/jobs/data-analyst-trainee/57115153?source=searchResults&filter=%2Fjobs%2Fdata-analyst-jobs%3Fpageno%3D11,40000.0,40000.0
Trainee Data Analyst,ITOL Recruit,Leeds,"£30,000 - £50,000","SQL, Python, Excel, Power BI, Tableau, R",https://www.reed.co.uk/jobs/trainee-data-analyst/57138472?source=searchResults&filter=%2Fjobs%2Fdata-analyst-jobs%3Fpageno%3D9,40000.0,40000.0
Data Analyst Trainee,Newto Training,London,"£25,000 - £78,000","SQL, Python, Excel, Power BI, Tableau, R, Azure",https://www.reed.co.uk/jobs/data-analyst-trainee/57079489?source=searchResults&filter=%2Fjobs%2Fdata-analyst-jobs%3Fpageno%3D11,51500.0,51500.0
Data Analyst Trainee,ITOL Recruit,Endcliffe,"£30,000 - £50,000","SQL, Python, Excel, Power BI, Tableau, R",https://www.reed.co.uk/jobs/data-analyst-trainee/57143266?source=searchResults&filter=%2Fjobs%2Fdata-analyst-jobs%3Fpageno%3D4,40000.0,40000.0
Trainee Data Analyst,ITOL Recruit,Glasgow,"£30,000 - £50,000","SQL, Python, Excel, Power BI, Tableau, R",https://www.reed.co.uk/jobs/trainee-data-analyst/57170918?source=searchResults&filter=%2Fjobs%2Fdata-analyst-jobs%3Fpageno%3D4,40000.0,40000.0
Finance Data Analyst,Marc Daniels,London,"£60,000 - £70,000","SQL, Python, Excel, Power BI, Tableau, R",https://www.reed.co.uk/jobs/finance-data-analyst/57159615?source=searchResults&filter=%2Fjobs%2Fdata-analyst-jobs%3Fpageno%3D12,65000.0,65000.0
Data Analyst,TELECOM ACQUISITIONS LTD,West Sussex,,"SQL, Excel, Power BI, R, Azure",https://www.reed.co.uk/jobs/data-analyst/56868469?source=searchResults&filter=%2Fjobs%2Fdata-analyst-jobs%3Fpageno%3D9,,
Trainee Data Analyst,ITOL Recruit,Newcastle Upon Tyne,"£30,000 - £50,000","SQL, Python, Excel, Power BI, Tableau, R",https://www.reed.co.uk/jobs/trainee-data-analyst/57166478?source=searchResults&filter=%2Fjobs%2Fdata-analyst-jobs%3Fpageno%3D5,40000.0,40000.0
Data Analyst Trainee,ITOL Recruit,East London,"£30,000 - £50,000","SQL, Python, Excel, Power BI, Tableau, R",https://www.reed.co.uk/jobs/data-analyst-trainee/57147630?source=searchResults&filter=%2Fjobs%2Fdata-analyst-jobs%3Fpageno%3D8,40000.0,40000.0
Data Analyst,Sagacity ,London,,"SQL, Python, Excel, Power BI, Tableau, R",https://www.reed.co.uk/jobs/data-analyst/56815207?source=searchResults&filter=%2Fjobs%2Fdata-analyst-jobs%3Fpageno%3D2,,
Junior Developer,Vensis,Brough,,"SQL, Python, Excel, Power BI, Tableau, R, Machine Learning",https://www.reed.co.uk/jobs/junior-developer/57037836?source=searchResults&filter=%2Fjobs%2Fdata-analyst-jobs%3Fpageno%3D14,,
Senior Data Analyst - Insurance (AI & Data),Tenth Revolution Group,London,£400 - £500,"SQL, Excel, R, AWS, Machine Learning",https://www.reed.co.uk/jobs/senior-data-analyst-insurance-ai-data/57172156?source=searchResults&filter=%2Fjobs%2Fdata-analyst-jobs%3Fpageno%3D14,450.0,
Data Analyst Trainee,ITOL Recruit,Ipswich,"£30,000 - £50,000","SQL, Python, Excel, Power BI, Tableau, R",https://www.reed.co.uk/jobs/data-analyst-trainee/57125067?source=searchResults&filter=%2Fjobs%2Fdata-analyst-jobs%3Fpageno%3D7,40000.0,40000.0
Data Quality Analyst,Sanderson ,London,£550 - £600,R,https://www.reed.co.uk/jobs/data-quality-analyst/57075910?source=searchResults&filter=%2Fjobs%2Fdata-analyst-jobs%3Fpageno%3D13,575.0,
Junior SQL Data Analyst - South,Adria Solutions,Manchester,"£25,000 - £35,000","SQL, Python, Excel, Power BI, Tableau, R",https://www.reed.co.uk/jobs/junior-sql-data-analyst-south-manchester/57063092?source=searchResults&filter=%2Fjobs%2Fdata-analyst-jobs%3Fpageno%3D14,30000.0,30000.0
Data Analyst Trainee,ITOL Recruit,London,"£30,000 - £50,000","SQL, Python, Excel, Power BI, Tableau, R",https://www.reed.co.uk/jobs/data-analyst-trainee/57115261?source=searchResults&filter=%2Fjobs%2Fdata-analyst-jobs%3Fpageno%3D6,40000.0,40000.0
Trainee Data Analyst - job guarantee,Newto Training,United Kingdom,"£25,000 - £78,000","SQL, Python, Excel, Power BI, Tableau, R, Azure",https://www.reed.co.uk/jobs/trainee-data-analyst-job-guarantee/57079539?source=searchResults&filter=%2Fjobs%2Fdata-analyst-jobs%3Fpageno%3D4,51500.0,51500.0
Data Quality and Insight Manager,Newlon Housing Trust,Hale Village,,"Excel, R",https://www.reed.co.uk/jobs/data-quality-and-insight-manager/57143285?source=searchResults&filter=%2Fjobs%2Fdata-analyst-jobs%3Fpageno%3D14,,
Data Analyst Trainee,ITOL Recruit,London,"£30,000 - £50,000","SQL, Python, Excel, Power BI, Tableau, R",https://www.reed.co.uk/jobs/data-analyst-trainee/57161550?source=searchResults&filter=%2Fjobs%2Fdata-analyst-jobs%3Fpageno%3D5,40000.0,40000.0
Data Analyst,Harnham - Data & Analytics Recruitment,Watford,"£60,000 - £65,000","SQL, Power BI, R",https://www.reed.co.uk/jobs/data-analyst/56895571?source=searchResults&filter=%2Fjobs%2Fdata-analyst-jobs%3Fpageno%3D2,62500.0,62500.0
Trainee Data Analyst,ITOL Recruit,Brighton,"£30,000 - £50,000","SQL, Python, Excel, Power BI, Tableau, R",https://www.reed.co.uk/jobs/trainee-data-analyst/57115455?source=searchResults&filter=%2Fjobs%2Fdata-analyst-jobs%3Fpageno%3D3,40000.0,40000.0
Product Data Analyst (12 Month FTC),ADLIB,Bristol,"£45,000 - £63,000","SQL, Python, Excel, Power BI, Tableau, R",https://www.reed.co.uk/jobs/product-data-analyst-12-month-ftc/57096383?source=searchResults&filter=%2Fjobs%2Fdata-analyst-jobs%3Fpageno%3D14,54000.0,54000.0
Trainee AI Data Analyst (No Experience Needed – UK Remote),Uptrail,Birmingham,"£27,000 - £35,000","SQL, Python, Excel, Power BI, Tableau, R, Machine Learning",https://www.reed.co.uk/jobs/trainee-ai-data-analyst-no-experience-needed--uk-remote/57171425?source=searchResults&filter=%2Fjobs%2Fdata-analyst-jobs%3Fpageno%3D4,31000.0,31000.0
Data Analyst Trainee,ITOL Recruit,The Collon,"£30,000 - £50,000","SQL, Python, Excel, Power BI, Tableau, R",https://www.reed.co.uk/jobs/data-analyst-trainee/57143207?source=searchResults&filter=%2Fjobs%2Fdata-analyst-jobs%3Fpageno%3D6,40000.0,40000.0
Data Analyst,Consula Group LTD,Glasgow,"£80,000 - £110,000","SQL, Python, Excel, Power BI, Tableau, R, Azure, AWS",https://www.reed.co.uk/jobs/data-analyst/57130342?source=searchResults&filter=%2Fjobs%2Fdata-analyst-jobs%3Fpageno%3D2,95000.0,95000.0
Data Analyst (Higher Education),Red King Resourcing,London,"£40,000 - £50,000","SQL, Python, Excel, Power BI, R",https://www.reed.co.uk/jobs/data-analyst-higher-education/57083848?source=searchResults&filter=%2Fjobs%2Fdata-analyst-jobs%3Fpageno%3D4,45000.0,45000.0
Trainee Data Analyst,ITOL Recruit,Birkenhead,"£30,000 - £50,000","SQL, Python, Excel, Power BI, Tableau, R",https://www.reed.co.uk/jobs/trainee-data-analyst/57115096?source=searchResults&filter=%2Fjobs%2Fdata-analyst-jobs%3Fpageno%3D11,40000.0,40000.0
Data Analyst Trainee,ITOL Recruit,London,"£30,000 - £50,000","SQL, Python, Excel, Power BI, Tableau, R",https://www.reed.co.uk/jobs/data-analyst-trainee/57147767?source=searchResults&filter=%2Fjobs%2Fdata-analyst-jobs%3Fpageno%3D8,40000.0,40000.0
Data Analyst Trainee,ITOL Recruit,Swansea,"£30,000 - £50,000","SQL, Python, Excel, Power BI, Tableau, R",https://www.reed.co.uk/jobs/data-analyst-trainee/57166327?source=searchResults&filter=%2Fjobs%2Fdata-analyst-jobs%3Fpageno%3D5,40000.0,40000.0
AI Data Governance Analyst Contract,Adecco ,Dublin,£400 - £450,"R, Machine Learning",https://www.reed.co.uk/jobs/ai-data-governance-analyst-contract-dublin/57079851?source=searchResults&filter=%2Fjobs%2Fdata-analyst-jobs%3Fpageno%3D14,425.0,
Data Analyst Trainee,ITOL Recruit,Cannock,"£30,000 - £50,000","SQL, Python, Excel, Power BI, Tableau, R",https://www.reed.co.uk/jobs/data-analyst-trainee/57138449?source=searchResults&filter=%2Fjobs%2Fdata-analyst-jobs%3Fpageno%3D5,40000.0,40000.0
Data Analyst Trainee,ITOL Recruit,West Hoe,"£30,000 - £50,000","SQL, Python, Excel, Power BI, Tableau, R",https://www.reed.co.uk/jobs/data-analyst-trainee/57166206?source=searchResults&filter=%2Fjobs%2Fdata-analyst-jobs%3Fpageno%3D5,40000.0,40000.0
Data Analyst,Harnham - Data & Analytics Recruitment,London,"£40,000 - £50,000","SQL, Python, Power BI, Tableau, R",https://www.reed.co.uk/jobs/data-analyst/57128401?source=searchResults&filter=%2Fjobs%2Fdata-analyst-jobs%3Fpageno%3D2,45000.0,45000.0
Data Visualisation Analyst,Sanderson ,Hampshire,£500 - £550,"SQL, Python, Power BI, Tableau, R",https://www.reed.co.uk/jobs/data-visualisation-analyst/57043120?source=searchResults&filter=%2Fjobs%2Fdata-analyst-jobs%3Fpageno%3D13,525.0,
Data Analyst Trainee,ITOL Recruit,Portsmouth,"£30,000 - £50,000","SQL, Python, Excel, Power BI, Tableau, R",https://www.reed.co.uk/jobs/data-analyst-trainee/57115102?source=searchResults&filter=%2Fjobs%2Fdata-analyst-jobs%3Fpageno%3D6,40000.0,40000.0
Data Analyst Trainee,ITOL Recruit,Watford,"£30,000 - £50,000","SQL, Python, Excel, Power BI, Tableau, R",https://www.reed.co.uk/jobs/data-analyst-trainee/57147773?source=searchResults&filter=%2Fjobs%2Fdata-analyst-jobs%3Fpageno%3D5,40000.0,40000.0
Trainee Data Analyst,ITOL Recruit,North London,"£30,000 - £50,000","SQL, Python, Excel, Power BI, Tableau, R",https://www.reed.co.uk/jobs/trainee-data-analyst/57124955?source=searchResults&filter=%2Fjobs%2Fdata-analyst-jobs%3Fpageno%3D3,40000.0,40000.0
Data Governance Analyst,Sanderson ,London,£350 - £450,R,https://www.reed.co.uk/jobs/data-governance-analyst/57084954?source=searchResults&filter=%2Fjobs%2Fdata-analyst-jobs%3Fpageno%3D13,400.0,
Senior Data and AI Analyst,Barrett Steel,Bradford,,"SQL, Python, Tableau, R",https://www.reed.co.uk/jobs/senior-data-and-ai-analyst/57095034?source=searchResults&filter=%2Fjobs%2Fdata-analyst-jobs%3Fpageno%3D12,,
Data Analyst,TELECOM ACQUISITIONS LTD,West Sussex,,"SQL, Excel, Power BI, R, Azure",https://www.reed.co.uk/jobs/data-analyst/56868469?source=searchResults&filter=%2Fjobs%2Fdata-analyst-jobs%3Fpageno%3D6,,
Trainee Data Analyst,ITOL Recruit,Norwich,"£30,000 - £50,000","SQL, Python, Excel, Power BI, Tableau, R",https://www.reed.co.uk/jobs/trainee-data-analyst/57170710?source=searchResults&filter=%2Fjobs%2Fdata-analyst-jobs%3Fpageno%3D9,40000.0,40000.0
Data Analyst,Robert Walters,Warwickshire,£250 - £300,"Excel, Power BI, R",https://www.reed.co.uk/jobs/data-analyst/57166675?source=searchResults&filter=%2Fjobs%2Fdata-analyst-jobs,275.0,
Data Analyst Trainee,ITOL Recruit,Grays,"£30,000 - £50,000","SQL, Python, Excel, Power BI, Tableau, R",https://www.reed.co.uk/jobs/data-analyst-trainee/57138178?source=searchResults&filter=%2Fjobs%2Fdata-analyst-jobs%3Fpageno%3D5,40000.0,40000.0
Data Analyst,Tenth Revolution Group,Newcastle Upon Tyne,"£40,000 - £50,000","SQL, Python, Excel, Power BI, Tableau, R, Azure",https://www.reed.co.uk/jobs/data-analyst/57108970?source=searchResults&filter=%2Fjobs%2Fdata-analyst-jobs,45000.0,45000.0
Data Analyst Trainee,ITOL Recruit,West Hoe,"£30,000 - £50,000","SQL, Python, Excel, Power BI, Tableau, R",https://www.reed.co.uk/jobs/data-analyst-trainee/57147724?source=searchResults&filter=%2Fjobs%2Fdata-analyst-jobs%3Fpageno%3D4,40000.0,40000.0
Data Analyst Trainee,ITOL Recruit,Beckenham,"£30,000 - £50,000","SQL, Python, Excel, Power BI, Tableau, R",https://www.reed.co.uk/jobs/data-analyst-trainee/57170649?source=searchResults&filter=%2Fjobs%2Fdata-analyst-jobs%3Fpageno%3D4,40000.0,40000.0
Data Analyst Trainee,ITOL Recruit,Wakefield,"£30,000 - £50,000","SQL, Python, Excel, Power BI, Tableau, R",https://www.reed.co.uk/jobs/data-analyst-trainee/57166482?source=searchResults&filter=%2Fjobs%2Fdata-analyst-jobs%3Fpageno%3D7,40000.0,40000.0
Data Analyst,Consula Group LTD,London,"£80,000 - £110,000","SQL, Python, Excel, Power BI, Tableau, R, Azure, AWS",https://www.reed.co.uk/jobs/data-analyst/57077229?source=searchResults&filter=%2Fjobs%2Fdata-analyst-jobs%3Fpageno%3D2,95000.0,95000.0
Data Analyst Trainee,ITOL Recruit,London,"£30,000 - £50,000","SQL, Python, Excel, Power BI, Tableau, R",https://www.reed.co.uk/jobs/data-analyst-trainee/57138367?source=searchResults&filter=%2Fjobs%2Fdata-analyst-jobs%3Fpageno%3D5,40000.0,40000.0
Data Analyst Trainee,ITOL Recruit,Harlow,"£30,000 - £50,000","SQL, Python, Excel, Power BI, Tableau, R",https://www.reed.co.uk/jobs/data-analyst-trainee/57115449?source=searchResults&filter=%2Fjobs%2Fdata-analyst-jobs%3Fpageno%3D8,40000.0,40000.0
Data Analyst - Funds Operations,Pontoon,Limerick,,"Excel, R",https://www.reed.co.uk/jobs/data-analyst-funds-operations/57105965?source=searchResults&filter=%2Fjobs%2Fdata-analyst-jobs%3Fpageno%3D13,,
Data Quality & Insights Manager,City Plumbing ,"Crick Industrial Estate, Crick",,"SQL, Excel, R, Machine Learning",https://www.reed.co.uk/jobs/data-quality-insights-manager/57011422?source=searchResults&filter=%2Fjobs%2Fdata-analyst-jobs%3Fpageno%3D14,,
Data Analyst,Robert Half,London,,"SQL, Python, Excel, Power BI, Tableau, R, Machine Learning",https://www.reed.co.uk/jobs/data-analyst/57136004?source=searchResults&filter=%2Fjobs%2Fdata-analyst-jobs,,
Data Analyst Trainee,ITOL Recruit,Stockport,"£30,000 - £50,000","SQL, Python, Excel, Power BI, Tableau, R",https://www.reed.co.uk/jobs/data-analyst-trainee/57161135?source=searchResults&filter=%2Fjobs%2Fdata-analyst-jobs%3Fpageno%3D10,40000.0,40000.0
Data Analyst Trainee,ITOL Recruit,London,"£30,000 - £50,000","SQL, Python, Excel, Power BI, Tableau, R",https://www.reed.co.uk/jobs/data-analyst-trainee/57147737?source=searchResults&filter=%2Fjobs%2Fdata-analyst-jobs%3Fpageno%3D10,40000.0,40000.0
Data Analyst,Hays Specialist Recruitment Limited,Warrington,£350 - £400,"SQL, Python, Excel, Power BI, Tableau, R, Machine Learning",https://www.reed.co.uk/jobs/data-analyst/57150305?source=searchResults&filter=%2Fjobs%2Fdata-analyst-jobs,375.0,
Data Analyst,Sagacity ,London,,"SQL, Python, Excel, Power BI, Tableau, R",https://www.reed.co.uk/jobs/data-analyst/56815207?source=searchResults&filter=%2Fjobs%2Fdata-analyst-jobs%3Fpageno%3D3,,
Junior Data Analyst,Asset Resourcing Limited,London,"£30,000 - £35,000","SQL, Excel, Power BI, R",https://www.reed.co.uk/jobs/junior-data-analyst/57065873?source=searchResults&filter=%2Fjobs%2Fdata-analyst-jobs%3Fpageno%3D12,32500.0,32500.0
Trainee Data Analyst,ITOL Recruit,Enfield,"£30,000 - £50,000","SQL, Python, Excel, Tableau, R, Machine Learning",https://www.reed.co.uk/jobs/trainee-data-analyst/57161518?source=searchResults&filter=%2Fjobs%2Fdata-analyst-jobs%3Fpageno%3D11,40000.0,40000.0
Trainee Data Analyst,ITOL Recruit,Edinburgh,"£30,000 - £50,000","SQL, Python, Excel, Power BI, Tableau, R",https://www.reed.co.uk/jobs/trainee-data-analyst/57115447?source=searchResults&filter=%2Fjobs%2Fdata-analyst-jobs%3Fpageno%3D11,40000.0,40000.0
Data Analyst Trainee,ITOL Recruit,Blackburn,"£30,000 - £50,000","SQL, Python, Excel, Power BI, Tableau, R",https://www.reed.co.uk/jobs/data-analyst-trainee/57147854?source=searchResults&filter=%2Fjobs%2Fdata-analyst-jobs%3Fpageno%3D8,40000.0,40000.0
Data Analyst,Sagacity ,London,,"SQL, Python, Excel, Power BI, Tableau, R",https://www.reed.co.uk/jobs/data-analyst/56815207?source=searchResults&filter=%2Fjobs%2Fdata-analyst-jobs%3Fpageno%3D10,,
GIS Data Analyst,e.surv Chartered Surveyors,Kettering,,"SQL, Excel, Power BI, R",https://www.reed.co.uk/jobs/gis-data-analyst/57151098?source=searchResults&filter=%2Fjobs%2Fdata-analyst-jobs,,
Trainee Data Analyst,ITOL Recruit,Manchester,"£30,000 - £50,000","SQL, Python, Excel, Power BI, Tableau, R",https://www.reed.co.uk/jobs/trainee-data-analyst/57142878?source=searchResults&filter=%2Fjobs%2Fdata-analyst-jobs%3Fpageno%3D7,40000.0,40000.0
Data Analyst,Hays Specialist Recruitment Limited,Oxford,£200 - £250,"SQL, Python, Excel, Power BI, Tableau, R, Machine Learning",https://www.reed.co.uk/jobs/data-analyst/57154692?source=searchResults&filter=%2Fjobs%2Fdata-analyst-jobs%3Fpageno%3D2,225.0,
Data Analyst Trainee,ITOL Recruit,Warrington,"£30,000 - £50,000","SQL, Python, Excel, Power BI, Tableau, R",https://www.reed.co.uk/jobs/data-analyst-trainee/57138124?source=searchResults&filter=%2Fjobs%2Fdata-analyst-jobs%3Fpageno%3D10,40000.0,40000.0
Data Analyst Trainee,ITOL Recruit,London,"£30,000 - £50,000","SQL, Python, Excel, Power BI, Tableau, R",https://www.reed.co.uk/jobs/data-analyst-trainee/57115126?source=searchResults&filter=%2Fjobs%2Fdata-analyst-jobs%3Fpageno%3D11,40000.0,40000.0
Data Analyst Trainee,ITOL Recruit,Sunderland,"£30,000 - £50,000","SQL, Python, Excel, Power BI, Tableau, R",https://www.reed.co.uk/jobs/data-analyst-trainee/57166229?source=searchResults&filter=%2Fjobs%2Fdata-analyst-jobs%3Fpageno%3D7,40000.0,40000.0
Graduate Data Analyst,Consula Group LTD,London,,"SQL, Python, Excel, Power BI, Tableau, R, Machine Learning, Statistics",https://www.reed.co.uk/jobs/graduate-data-analyst/57147270?source=searchResults&filter=%2Fjobs%2Fdata-analyst-jobs%3Fpageno%3D4,,
Senior Data Analyst,FDM Group,London,,"SQL, Python, Excel, Power BI, Tableau, R, AWS, Machine Learning",https://www.reed.co.uk/jobs/senior-data-analyst/56212211?source=searchResults&filter=%2Fjobs%2Fdata-analyst-jobs,,
Data Analyst Trainee,ITOL Recruit,Harrogate,"£30,000 - £50,000","SQL, Python, Excel, Power BI, Tableau, R",https://www.reed.co.uk/jobs/data-analyst-trainee/57138365?source=searchResults&filter=%2Fjobs%2Fdata-analyst-jobs%3Fpageno%3D5,40000.0,40000.0
Data Analyst Trainee,ITOL Recruit,Solihull,"£30,000 - £50,000","SQL, Python, Excel, Power BI, Tableau, R",https://www.reed.co.uk/jobs/data-analyst-trainee/57125008?source=searchResults&filter=%2Fjobs%2Fdata-analyst-jobs%3Fpageno%3D9,40000.0,40000.0
Trainee Data Analyst,ITOL Recruit,Blackburn,"£30,000 - £50,000","SQL, Python, Excel, Power BI, Tableau, R",https://www.reed.co.uk/jobs/trainee-data-analyst/57170938?source=searchResults&filter=%2Fjobs%2Fdata-analyst-jobs%3Fpageno%3D3,40000.0,40000.0
Asset Data Analyst - Investment Banking,Robert Walters,London,£800 - £888,"SQL, Python, Excel, Power BI, Tableau, R",https://www.reed.co.uk/jobs/asset-data-analyst-investment-banking/57132721?source=searchResults&filter=%2Fjobs%2Fdata-analyst-jobs%3Fpageno%3D13,844.0,
Data Analyst,Vermelo RPO,Ireland,,"SQL, Python, Excel, R, Statistics",https://www.reed.co.uk/jobs/data-analyst/57139889?source=searchResults&filter=%2Fjobs%2Fdata-analyst-jobs,,
Data Analyst Trainee,ITOL Recruit,Walsall,"£30,000 - £50,000","SQL, Python, Excel, Power BI, Tableau, R",https://www.reed.co.uk/jobs/data-analyst-trainee/57125019?source=searchResults&filter=%2Fjobs%2Fdata-analyst-jobs%3Fpageno%3D10,40000.0,40000.0
Data Analyst Trainee,ITOL Recruit,Burnley,"£30,000 - £50,000","SQL, Python, Excel, Power BI, Tableau, R",https://www.reed.co.uk/jobs/data-analyst-trainee/57161134?source=searchResults&filter=%2Fjobs%2Fdata-analyst-jobs%3Fpageno%3D10,40000.0,40000.0
Trainee Data Analyst,ITOL Recruit,West Bromwich,"£30,000 - £50,000","SQL, Python, Excel, Power BI, Tableau, R",https://www.reed.co.uk/jobs/trainee-data-analyst/57120131?source=searchResults&filter=%2Fjobs%2Fdata-analyst-jobs%3Fpageno%3D10,40000.0,40000.0
Data Analyst,Sanderson ,South West England,£450 - £500,"SQL, Python, Excel, Power BI, Tableau, R, Machine Learning",https://www.reed.co.uk/jobs/data-analyst/57061486?source=searchResults&filter=%2Fjobs%2Fdata-analyst-jobs,475.0,
Data Analyst,Harnham - Data & Analytics Recruitment,London,"£40,000 - £45,000","SQL, Python, Excel, R",https://www.reed.co.uk/jobs/data-analyst/57107964?source=searchResults&filter=%2Fjobs%2Fdata-analyst-jobs%3Fpageno%3D2,42500.0,42500.0
Data Analyst,Harnham - Data & Analytics Recruitment,London,"£40,000 - £45,000","SQL, Python, Excel, Power BI, Tableau, R, Pandas",https://www.reed.co.uk/jobs/data-analyst/57128388?source=searchResults&filter=%2Fjobs%2Fdata-analyst-jobs%3Fpageno%3D2,42500.0,42500.0
Data Analyst,Gleeson Recruitment Group,London,"£43,000 - £50,000","SQL, Python, Excel, Power BI, Tableau, R, Azure",https://www.reed.co.uk/jobs/data-analyst/57069979?source=searchResults&filter=%2Fjobs%2Fdata-analyst-jobs%3Fpageno%3D2,46500.0,46500.0
Trainee Data Analyst,ITOL Recruit,Huddersfield,"£30,000 - £50,000","SQL, Python, Excel, Power BI, Tableau, R",https://www.reed.co.uk/jobs/trainee-data-analyst/57115225?source=searchResults&filter=%2Fjobs%2Fdata-analyst-jobs%3Fpageno%3D3,40000.0,40000.0
Data Analyst Trainee,ITOL Recruit,Gateshead,"£30,000 - £50,000","SQL, Python, Excel, Power BI, Tableau, R",https://www.reed.co.uk/jobs/data-analyst-trainee/57166469?source=searchResults&filter=%2Fjobs%2Fdata-analyst-jobs%3Fpageno%3D7,40000.0,40000.0
Trainee Data Analyst,ITOL Recruit,London,"£30,000 - £50,000","SQL, Python, Excel, Power BI, Tableau, R",https://www.reed.co.uk/jobs/trainee-data-analyst/57115226?source=searchResults&filter=%2Fjobs%2Fdata-analyst-jobs%3Fpageno%3D11,40000.0,40000.0
Data Analyst Trainee,ITOL Recruit,Nottingham,"£30,000 - £50,000","SQL, Python, Excel, Power BI, Tableau, R",https://www.reed.co.uk/jobs/data-analyst-trainee/57138405?source=searchResults&filter=%2Fjobs%2Fdata-analyst-jobs%3Fpageno%3D7,40000.0,40000.0
CRM and Data Analyst,Hydrogen Group,Malaysia,,"SQL, R, Azure, Machine Learning",https://www.reed.co.uk/jobs/crm-and-data-analyst/57111700?source=searchResults&filter=%2Fjobs%2Fdata-analyst-jobs%3Fpageno%3D12,,
Data Analyst Trainee,ITOL Recruit,Bracknell,"£30,000 - £50,000","SQL, Python, Excel, Power BI, Tableau, R",https://www.reed.co.uk/jobs/data-analyst-trainee/57170783?source=searchResults&filter=%2Fjobs%2Fdata-analyst-jobs%3Fpageno%3D9,40000.0,40000.0
Graduate Data Analyst,Precept Recruit,Derby,"£26,500 - £27,000","SQL, Excel, R",https://www.reed.co.uk/jobs/graduate-data-analyst/57060124?source=searchResults&filter=%2Fjobs%2Fdata-analyst-jobs%3Fpageno%3D3,26750.0,26750.0
Trainee Data Analyst,ITOL Recruit,Kingston Upon Thames,"£30,000 - £50,000","SQL, Python, Excel, Power BI, Tableau, R",https://www.reed.co.uk/jobs/trainee-data-analyst/57124959?source=searchResults&filter=%2Fjobs%2Fdata-analyst-jobs%3Fpageno%3D3,40000.0,40000.0
Data Analyst Trainee,ITOL Recruit,Milton Keynes,"£30,000 - £50,000","SQL, Python, Excel, Power BI, Tableau, R",https://www.reed.co.uk/jobs/data-analyst-trainee/57170910?source=searchResults&filter=%2Fjobs%2Fdata-analyst-jobs%3Fpageno%3D6,40000.0,40000.0
Data Quality Analyst,Oscar Technology,Manchester,,"SQL, Power BI, R, Azure",https://www.reed.co.uk/jobs/data-quality-analyst/57072819?source=searchResults&filter=%2Fjobs%2Fdata-analyst-jobs%3Fpageno%3D13,,
Data Analyst,Harnham - Data & Analytics Recruitment,London,"£40,000 - £50,000","SQL, Python, Excel, R",https://www.reed.co.uk/jobs/data-analyst/57108227?source=searchResults&filter=%2Fjobs%2Fdata-analyst-jobs%3Fpageno%3D2,45000.0,45000.0
Data Analyst Trainee,ITOL Recruit,Weston-super-Mare,"£30,000 - £50,000","SQL, Python, Excel, Power BI, Tableau, R",https://www.reed.co.uk/jobs/data-analyst-trainee/57138203?source=searchResults&filter=%2Fjobs%2Fdata-analyst-jobs%3Fpageno%3D5,40000.0,40000.0
Data Business Analyst,Sanderson ,London,£500 - £550,"SQL, Python, R",https://www.reed.co.uk/jobs/data-business-analyst/57085757?source=searchResults&filter=%2Fjobs%2Fdata-analyst-jobs%3Fpageno%3D13,525.0,
Exposure Data Analyst,High Finance (UK) Limited T/A HFG,London,,"Python, R",https://www.reed.co.uk/jobs/exposure-data-analyst/57045439?source=searchResults&filter=%2Fjobs%2Fdata-analyst-jobs%3Fpageno%3D11,,
Data Analyst Trainee,ITOL Recruit,Maidstone,"£30,000 - £50,000","SQL, Python, Excel, Power BI, Tableau, R",https://www.reed.co.uk/jobs/data-analyst-trainee/57115257?source=searchResults&filter=%2Fjobs%2Fdata-analyst-jobs%3Fpageno%3D8,40000.0,40000.0
Data Analyst,TELECOM ACQUISITIONS LTD,West Sussex,,"SQL, Excel, Power BI, R, Azure",https://www.reed.co.uk/jobs/data-analyst/56868469?source=searchResults&filter=%2Fjobs%2Fdata-analyst-jobs%3Fpageno%3D13,,
Data Analyst Trainee,ITOL Recruit,Leeds,"£30,000 - £50,000","SQL, Python, Excel, Power BI, Tableau, R",https://www.reed.co.uk/jobs/data-analyst-trainee/57147728?source=searchResults&filter=%2Fjobs%2Fdata-analyst-jobs%3Fpageno%3D10,40000.0,40000.0
Data Analyst,TELECOM ACQUISITIONS LTD,West Sussex,,"SQL, Excel, Power BI, R, Azure",https://www.reed.co.uk/jobs/data-analyst/56868469?source=searchResults&filter=%2Fjobs%2Fdata-analyst-jobs,,
Trainee Data Analyst,ITOL Recruit,Oxford,"£30,000 - £50,000","SQL, Python, Excel, Power BI, Tableau, R",https://www.reed.co.uk/jobs/trainee-data-analyst/57124880?source=searchResults&filter=%2Fjobs%2Fdata-analyst-jobs%3Fpageno%3D10,40000.0,40000.0
Data Analyst Trainee,ITOL Recruit,London,"£30,000 - £50,000","SQL, Python, Excel, Power BI, Tableau, R",https://www.reed.co.uk/jobs/data-analyst-trainee/57124998?source=searchResults&filter=%2Fjobs%2Fdata-analyst-jobs%3Fpageno%3D5,40000.0,40000.0
Data Analyst,Consula Group LTD,Glasgow,"£80,000 - £110,000","SQL, Python, Excel, Power BI, Tableau, R, Azure, AWS",https://www.reed.co.uk/jobs/data-analyst/57130358?source=searchResults&filter=%2Fjobs%2Fdata-analyst-jobs%3Fpageno%3D2,95000.0,95000.0
Data Analyst Trainee,ITOL Recruit,London,"£30,000 - £50,000","SQL, Python, Excel, Power BI, Tableau, R",https://www.reed.co.uk/jobs/data-analyst-trainee/57166448?source=searchResults&filter=%2Fjobs%2Fdata-analyst-jobs%3Fpageno%3D9,40000.0,40000.0
Data Analyst Trainee,ITOL Recruit,Derby,"£30,000 - £50,000","SQL, Python, Excel, Power BI, Tableau, R",https://www.reed.co.uk/jobs/data-analyst-trainee/57161305?source=searchResults&filter=%2Fjobs%2Fdata-analyst-jobs%3Fpageno%3D5,40000.0,40000.0
Data Analyst Trainee,ITOL Recruit,Solihull,"£30,000 - £50,000","SQL, Python, Excel, Power BI, Tableau, R",https://www.reed.co.uk/jobs/data-analyst-trainee/57125008?source=searchResults&filter=%2Fjobs%2Fdata-analyst-jobs%3Fpageno%3D6,40000.0,40000.0
Graduate Data Analyst,FLTalent,Brighton,,"SQL, Python, Excel, Power BI, Tableau, R, Machine Learning",https://www.reed.co.uk/jobs/graduate-data-analyst/56829137?source=searchResults&filter=%2Fjobs%2Fdata-analyst-jobs%3Fpageno%3D4,,
Data Analyst Trainee,ITOL Recruit,Dudley,"£30,000 - £50,000","SQL, Python, Excel, Power BI, Tableau, R",https://www.reed.co.uk/jobs/data-analyst-trainee/57120161?source=searchResults&filter=%2Fjobs%2Fdata-analyst-jobs%3Fpageno%3D6,40000.0,40000.0
Data Analyst Trainee,ITOL Recruit,Cambridge,"£30,000 - £50,000","SQL, Python, Excel, Power BI, Tableau, R",https://www.reed.co.uk/jobs/data-analyst-trainee/57124939?source=searchResults&filter=%2Fjobs%2Fdata-analyst-jobs%3Fpageno%3D10,40000.0,40000.0
Data Analyst,Elevate Recruitment Limited,London,"£30,000 - £39,000","SQL, Python, Excel, Power BI, Tableau, R, Machine Learning",https://www.reed.co.uk/jobs/data-analyst/57174507?source=searchResults&filter=%2Fjobs%2Fdata-analyst-jobs%3Fpageno%3D3,34500.0,34500.0
Trainee Data Analyst Associate,Newto Training,United Kingdom,"£25,000 - £78,000","SQL, Python, Excel, Power BI, Tableau, R, Azure",https://www.reed.co.uk/jobs/trainee-data-analyst-associate/57079556?source=searchResults&filter=%2Fjobs%2Fdata-analyst-jobs%3Fpageno%3D12,51500.0,51500.0
Trainee Data Analyst,ITOL Recruit,Uxbridge,"£30,000 - £50,000","SQL, Python, Excel, Power BI, Tableau, R",https://www.reed.co.uk/jobs/trainee-data-analyst/57142896?source=searchResults&filter=%2Fjobs%2Fdata-analyst-jobs%3Fpageno%3D6,40000.0,40000.0
Finance Data Analyst,Change Recruitment ,Edinburgh,"£45,000 - £55,000","Excel, Power BI, R",https://www.reed.co.uk/jobs/finance-data-analyst/57038560?source=searchResults&filter=%2Fjobs%2Fdata-analyst-jobs%3Fpageno%3D12,50000.0,50000.0
Data Analyst,Sagacity ,London,,"SQL, Python, Excel, Power BI, Tableau, R",https://www.reed.co.uk/jobs/data-analyst/56815207?source=searchResults&filter=%2Fjobs%2Fdata-analyst-jobs,,
Data Analyst Trainee,ITOL Recruit,London,"£30,000 - £50,000","SQL, Python, Excel, Power BI, Tableau, R",https://www.reed.co.uk/jobs/data-analyst-trainee/57147795?source=searchResults&filter=%2Fjobs%2Fdata-analyst-jobs%3Fpageno%3D8,40000.0,40000.0
Trainee Data Analyst,ITOL Recruit,Bolton,"£30,000 - £50,000","SQL, Python, Excel, Power BI, Tableau, R",https://www.reed.co.uk/jobs/trainee-data-analyst/57115098?source=searchResults&filter=%2Fjobs%2Fdata-analyst-jobs%3Fpageno%3D3,40000.0,40000.0
Online Data Analyst - English (United Kingdom),TELUS Digital,Birmingham,£11 - £12.84,"R, Machine Learning",https://www.reed.co.uk/jobs/online-data-analyst-english-united-kingdom/57136146?source=searchResults&filter=%2Fjobs%2Fdata-analyst-jobs%3Fpageno%3D3,11.92,
Data Analyst Trainee,ITOL Recruit,Wolverhampton,"£30,000 - £50,000","SQL, Python, Excel, Power BI, Tableau, R",https://www.reed.co.uk/jobs/data-analyst-trainee/57142988?source=searchResults&filter=%2Fjobs%2Fdata-analyst-jobs%3Fpageno%3D6,40000.0,40000.0
Interim Finance Data Analyst - Fixed Assets,Handle Recruitment,London,"£45,000 - £50,000","Excel, R",https://www.reed.co.uk/jobs/interim-finance-data-analyst-fixed-assets/57154539?source=searchResults&filter=%2Fjobs%2Fdata-analyst-jobs%3Fpageno%3D14,47500.0,47500.0
Data Analyst Trainee,ITOL Recruit,Doncaster,"£30,000 - £50,000","SQL, Python, Excel, Power BI, Tableau, R",https://www.reed.co.uk/jobs/data-analyst-trainee/57138137?source=searchResults&filter=%2Fjobs%2Fdata-analyst-jobs%3Fpageno%3D10,40000.0,40000.0
Trainee Data Analyst,ITOL Recruit,Blackpool,"£30,000 - £50,000","SQL, Python, Excel, Power BI, Tableau, R",https://www.reed.co.uk/jobs/trainee-data-analyst/57170896?source=searchResults&filter=%2Fjobs%2Fdata-analyst-jobs%3Fpageno%3D6,40000.0,40000.0
Data Analyst Trainee,ITOL Recruit,Leicester,"£30,000 - £50,000","SQL, Python, Excel, Tableau, R",https://www.reed.co.uk/jobs/data-analyst-trainee/57170720?source=searchResults&filter=%2Fjobs%2Fdata-analyst-jobs%3Fpageno%3D6,40000.0,40000.0
Senior Data Analyst,Reed,Team Valley Trading Estate,,"SQL, Python, Excel, R",https://www.reed.co.uk/jobs/senior-data-analyst/57095837?source=searchResults&filter=%2Fjobs%2Fdata-analyst-jobs%3Fpageno%3D12,,
Senior Data Analyst,Harnham - Data & Analytics Recruitment,London,"£70,000 - £80,000","SQL, R",https://www.reed.co.uk/jobs/senior-data-analyst/57039858?source=searchResults&filter=%2Fjobs%2Fdata-analyst-jobs%3Fpageno%3D12,75000.0,75000.0
Trainee Data Analyst,ITOL Recruit,Crayford,"£30,000 - £50,000","SQL, Python, Excel, Power BI, Tableau, R",https://www.reed.co.uk/jobs/trainee-data-analyst/57138388?source=searchResults&filter=%2Fjobs%2Fdata-analyst-jobs%3Fpageno%3D7,40000.0,40000.0
Data Analyst Trainee,ITOL Recruit,Glasgow,"£30,000 - £50,000","SQL, Python, Excel, Power BI, Tableau, R",https://www.reed.co.uk/jobs/data-analyst-trainee/57166236?source=searchResults&filter=%2Fjobs%2Fdata-analyst-jobs%3Fpageno%3D9,40000.0,40000.0
Trainee Data Analyst,ITOL Recruit,Stockport,"£30,000 - £50,000","SQL, Python, Excel, Power BI, Tableau, R",https://www.reed.co.uk/jobs/trainee-data-analyst/57115107?source=searchResults&filter=%2Fjobs%2Fdata-analyst-jobs%3Fpageno%3D6,40000.0,40000.0
Master Data Analyst,We Do Group,Frimley,"£34,000 - £38,000","Excel, Power BI, R",https://www.reed.co.uk/jobs/master-data-analyst/57158354?source=searchResults&filter=%2Fjobs%2Fdata-analyst-jobs%3Fpageno%3D12,36000.0,36000.0
Data Business Analyst,Michael Page Finance,Brighton,"£43,000 - £46,000","Excel, R",https://www.reed.co.uk/jobs/data-business-analyst/57112131?source=searchResults&filter=%2Fjobs%2Fdata-analyst-jobs%3Fpageno%3D13,44500.0,44500.0
Data Analyst,Salt Search,Spain,"£50,000 - £60,000","SQL, Python, Excel, Power BI, Tableau, R, AWS",https://www.reed.co.uk/jobs/data-analyst/57156917?source=searchResults&filter=%2Fjobs%2Fdata-analyst-jobs%3Fpageno%3D2,55000.0,55000.0
Trainee Data Analyst,ITOL Recruit,Wigan,"£30,000 - £50,000","SQL, Python, Excel, Power BI, Tableau, R",https://www.reed.co.uk/jobs/trainee-data-analyst/57147570?source=searchResults&filter=%2Fjobs%2Fdata-analyst-jobs%3Fpageno%3D10,40000.0,40000.0
Data Analyst,	 Finlay Jude Associates Limited,Horsham,"£26,500 - £27,500","Excel, R",https://www.reed.co.uk/jobs/data-analyst/57083721?source=searchResults&filter=%2Fjobs%2Fdata-analyst-jobs,27000.0,27000.0
Data Analyst - No experience needed - job guarantee,Newto Training,United Kingdom,"£25,000 - £78,000","SQL, Python, Excel, Power BI, Tableau, R, Azure",https://www.reed.co.uk/jobs/data-analyst-no-experience-needed-job-guarantee/57079577?source=searchResults&filter=%2Fjobs%2Fdata-analyst-jobs%3Fpageno%3D14,51500.0,51500.0
Trainee Data Analyst,ITOL Recruit,Sittingbourne,"£30,000 - £50,000","SQL, Python, Excel, Power BI, Tableau, R",https://www.reed.co.uk/jobs/trainee-data-analyst/57147539?source=searchResults&filter=%2Fjobs%2Fdata-analyst-jobs%3Fpageno%3D10,40000.0,40000.0
Trainee Data Analyst,ITOL Recruit,London,"£30,000 - £50,000","SQL, Python, Excel, Power BI, Tableau, R",https://www.reed.co.uk/jobs/trainee-data-analyst/57142957?source=searchResults&filter=%2Fjobs%2Fdata-analyst-jobs%3Fpageno%3D6,40000.0,40000.0
Trainee Data Analyst,Newto Training,United Kingdom,"£25,000 - £78,000","SQL, Python, Excel, Power BI, Tableau, R, Azure",https://www.reed.co.uk/jobs/trainee-data-analyst/57079531?source=searchResults&filter=%2Fjobs%2Fdata-analyst-jobs%3Fpageno%3D11,51500.0,51500.0
Data Analyst Trainee,ITOL Recruit,Tamworth,"£30,000 - £50,000","SQL, Python, Excel, Power BI, Tableau, R",https://www.reed.co.uk/jobs/data-analyst-trainee/57170648?source=searchResults&filter=%2Fjobs%2Fdata-analyst-jobs%3Fpageno%3D7,40000.0,40000.0
Trainee Data Analyst,ITOL Recruit,Barking,"£30,000 - £50,000","SQL, Python, Excel, Power BI, Tableau, R",https://www.reed.co.uk/jobs/trainee-data-analyst/57115151?source=searchResults&filter=%2Fjobs%2Fdata-analyst-jobs%3Fpageno%3D3,40000.0,40000.0
Data Analyst Trainee,ITOL Recruit,Edinburgh,"£30,000 - £50,000","SQL, Python, Excel, Power BI, Tableau, R",https://www.reed.co.uk/jobs/data-analyst-trainee/57120160?source=searchResults&filter=%2Fjobs%2Fdata-analyst-jobs%3Fpageno%3D6,40000.0,40000.0
Trainee Data Analyst,ITOL Recruit,Preston,"£30,000 - £50,000","SQL, Python, Excel, Power BI, Tableau, R",https://www.reed.co.uk/jobs/trainee-data-analyst/57120129?source=searchResults&filter=%2Fjobs%2Fdata-analyst-jobs%3Fpageno%3D8,40000.0,40000.0
Data Analyst,TELECOM ACQUISITIONS LTD,West Sussex,,"SQL, Excel, Power BI, R, Azure",https://www.reed.co.uk/jobs/data-analyst/56868469?source=searchResults&filter=%2Fjobs%2Fdata-analyst-jobs%3Fpageno%3D12,,
Data Analyst Trainee,ITOL Recruit,Wigan,"£30,000 - £50,000","SQL, Python, Excel, Power BI, Tableau, R",https://www.reed.co.uk/jobs/data-analyst-trainee/57125068?source=searchResults&filter=%2Fjobs%2Fdata-analyst-jobs%3Fpageno%3D7,40000.0,40000.0
